acceleration_x,acceleration_y,acceleration_z,gyroscope_x,gyroscope_y,gyroscope_z,timestamp,label
-11568,-644,-7056,840,-965,167,2025-01-29 10:49:25,0.0
-11464,-468,-7156,725,-628,172,2025-01-29 10:49:25,0.0
-11316,-328,-7136,587,-572,125,2025-01-29 10:49:25,0.0
-11476,-352,-6740,272,-327,39,2025-01-29 10:49:26,0.0
-11304,-428,-6892,111,-250,-25,2025-01-29 10:49:26,0.0
-11372,-512,-6876,-69,-76,-39,2025-01-29 10:49:26,0.0
-11360,-496,-6596,-166,22,-87,2025-01-29 10:49:26,0.0
-11380,-512,-6900,-284,134,-189,2025-01-29 10:49:26,0.0
-11604,-500,-6612,-478,214,-313,2025-01-29 10:49:26,0.0
-11508,-460,-6940,-584,192,-310,2025-01-29 10:49:26,0.0
-11624,-632,-6764,-671,157,-299,2025-01-29 10:49:26,0.0
-11600,-656,-6860,-780,94,-313,2025-01-29 10:49:26,0.0
-11560,-716,-6884,-813,131,-303,2025-01-29 10:49:26,0.0
-11552,-868,-6772,-823,199,-297,2025-01-29 10:49:26,0.0
-11732,-976,-6596,-803,160,-376,2025-01-29 10:49:26,0.0
-11792,-788,-6488,-732,96,-409,2025-01-29 10:49:26,0.0
-11740,-712,-6552,-647,22,-390,2025-01-29 10:49:26,0.0
-11704,-848,-6440,-584,37,-332,2025-01-29 10:49:26,0.0
-11836,-928,-6428,-460,50,-295,2025-01-29 10:49:26,0.0
-11792,-764,-6612,-415,1,-292,2025-01-29 10:49:26,0.0
-11764,-780,-6516,-312,-9,-267,2025-01-29 10:49:26,0.0
-11676,-692,-6604,-295,26,-262,2025-01-29 10:49:26,0.0
-11584,-524,-6424,-267,99,-260,2025-01-29 10:49:26,0.0
-11588,-548,-6636,-308,217,-235,2025-01-29 10:49:26,0.0
-11620,-472,-6616,-306,205,-230,2025-01-29 10:49:26,0.0
-11496,-524,-6604,-366,170,-274,2025-01-29 10:49:26,0.0
-11588,-728,-6460,-341,214,-240,2025-01-29 10:49:26,0.0
-11644,-772,-6652,-315,233,-212,2025-01-29 10:49:26,0.0
-11684,-636,-6712,-247,309,-238,2025-01-29 10:49:26,0.0
-11780,-632,-6828,-252,293,-201,2025-01-29 10:49:26,0.0
-11804,-660,-6700,-248,88,-167,2025-01-29 10:49:26,0.0
-11792,-764,-6804,-205,-84,-147,2025-01-29 10:49:26,0.0
-11720,-928,-6656,-158,-81,-107,2025-01-29 10:49:26,0.0
-11652,-800,-6480,-29,45,-24,2025-01-29 10:49:26,0.0
-11680,-796,-6580,55,140,-5,2025-01-29 10:49:26,0.0
-11644,-620,-6572,120,227,64,2025-01-29 10:49:26,0.0
-11632,-580,-6480,162,202,103,2025-01-29 10:49:26,0.0
-11628,-572,-6664,229,162,128,2025-01-29 10:49:26,0.0
-11448,-532,-6764,234,352,181,2025-01-29 10:49:26,0.0
-11552,-540,-6712,282,541,247,2025-01-29 10:49:26,0.0
-11656,-624,-6836,248,725,352,2025-01-29 10:49:26,0.0
-11692,-600,-6620,286,975,495,2025-01-29 10:49:26,0.0
-11764,-536,-6604,299,1114,612,2025-01-29 10:49:26,0.0
-12008,-340,-6764,219,1086,693,2025-01-29 10:49:26,0.0
-12068,-96,-6876,69,791,737,2025-01-29 10:49:26,0.0
-12260,-116,-6952,-95,408,732,2025-01-29 10:49:26,0.0
-12196,-200,-6688,-131,84,769,2025-01-29 10:49:26,0.0
-11912,-516,-6220,-117,-425,617,2025-01-29 10:49:26,0.0
-11888,-636,-5852,196,-841,438,2025-01-29 10:49:26,0.0
-11664,-736,-6180,524,-1196,335,2025-01-29 10:49:26,0.0
-11452,-136,-6176,933,-1116,319,2025-01-29 10:49:26,0.0
-11336,748,-6620,833,-473,273,2025-01-29 10:49:26,0.0
-11488,1068,-6408,587,-148,236,2025-01-29 10:49:26,0.0
-11728,888,-6448,366,-48,213,2025-01-29 10:49:26,0.0
-11980,588,-6048,300,-39,75,2025-01-29 10:49:26,0.0
-12092,356,-5816,425,-183,-22,2025-01-29 10:49:26,0.0
-11916,444,-6064,535,-373,22,2025-01-29 10:49:26,0.0
-11732,668,-5800,575,-360,-10,2025-01-29 10:49:26,0.0
-11728,820,-5740,572,-59,23,2025-01-29 10:49:26,0.0
-11592,856,-5696,571,252,82,2025-01-29 10:49:26,0.0
-11708,688,-5956,650,295,-26,2025-01-29 10:49:26,0.0
-11852,484,-6192,611,160,-258,2025-01-29 10:49:27,0.0
-12104,284,-5848,647,137,-364,2025-01-29 10:49:27,0.0
-11904,320,-5780,743,86,-413,2025-01-29 10:49:27,0.0
-11676,500,-6060,752,108,-566,2025-01-29 10:49:27,0.0
-11764,620,-6252,694,175,-739,2025-01-29 10:49:27,0.0
-11804,428,-6320,607,113,-928,2025-01-29 10:49:27,0.0
-11988,124,-6368,538,-164,-1038,2025-01-29 10:49:27,0.0
-12112,56,-6480,451,-574,-1191,2025-01-29 10:49:27,0.0
-12184,-140,-6396,375,-786,-1256,2025-01-29 10:49:27,0.0
-11916,-368,-6332,491,-942,-1380,2025-01-29 10:49:27,0.0
-11856,-556,-6512,604,-1005,-1615,2025-01-29 10:49:27,0.0
-11936,-684,-6720,725,-1019,-1739,2025-01-29 10:49:27,0.0
-11616,-788,-6912,732,-929,-1839,2025-01-29 10:49:27,0.0
-11524,-864,-6632,757,-599,-1951,2025-01-29 10:49:27,0.0
-11520,-1020,-6256,892,-175,-2045,2025-01-29 10:49:27,0.0
-11604,-1292,-6200,1018,167,-2138,2025-01-29 10:49:27,0.0
-11668,-1748,-6032,1143,180,-2123,2025-01-29 10:49:27,0.0
-11952,-2848,-5932,1466,92,-2128,2025-01-29 10:49:27,0.0
-12108,-3552,-5780,1801,226,-2034,2025-01-29 10:49:27,0.0
-12548,-3672,-5464,1973,-114,-1841,2025-01-29 10:49:27,0.0
-12576,-3296,-5384,1914,-763,-1595,2025-01-29 10:49:27,0.0
-12300,-2460,-5592,1727,-1129,-1350,2025-01-29 10:49:27,0.0
-11768,-1768,-5576,1405,-945,-1254,2025-01-29 10:49:27,0.0
-11364,-1576,-5268,737,-201,-1589,2025-01-29 10:49:27,0.0
-11604,-1852,-4552,307,505,-1833,2025-01-29 10:49:27,0.0
-11896,-2356,-4228,70,986,-1969,2025-01-29 10:49:27,0.0
-12136,-3020,-4344,125,1371,-2122,2025-01-29 10:49:27,0.0
-12504,-3520,-4352,310,1528,-2124,2025-01-29 10:49:27,0.0
-12544,-3508,-4356,567,1454,-2020,2025-01-29 10:49:27,0.0
-12368,-3448,-4596,735,1207,-1941,2025-01-29 10:49:27,0.0
-12120,-3316,-4796,796,865,-1784,2025-01-29 10:49:27,0.0
-12044,-3260,-5172,575,678,-1505,2025-01-29 10:49:27,0.0
-11628,-3136,-4984,395,739,-1195,2025-01-29 10:49:27,0.0
-11184,-3028,-4996,107,1088,-1002,2025-01-29 10:49:27,0.0
-11016,-2872,-5160,-152,1602,-970,2025-01-29 10:49:27,0.0
-11260,-2832,-5124,-459,2025,-869,2025-01-29 10:49:27,0.0
-11528,-2668,-5392,-828,2242,-743,2025-01-29 10:49:27,0.0
-11660,-2368,-5756,-1406,2260,-619,2025-01-29 10:49:27,0.0
-11800,-2260,-6208,-1953,2249,-618,2025-01-29 10:49:27,
-11880,-2420,-6240,-2536,2311,-682,2025-01-29 10:49:27,0.0
-11780,-2940,-6020,-2809,2185,-757,2025-01-29 10:49:27,0.0
-11368,-3384,-5712,-2909,2114,-992,2025-01-29 10:49:27,0.0
-11412,-3692,-4976,-2784,2224,-1348,2025-01-29 10:49:27,0.0
-11932,-3808,-5088,-2566,2403,-1600,2025-01-29 10:49:27,0.0
-12628,-3868,-5028,-2230,2487,-1580,2025-01-29 10:49:27,0.0
-13188,-3676,-5444,-2034,2052,-1445,2025-01-29 10:49:27,0.0
-13256,-3084,-5460,-2056,1172,-1338,2025-01-29 10:49:27,0.0
-13056,-2288,-5476,-2410,353,-1150,2025-01-29 10:49:27,0.0
-12296,-1980,-5748,-3054,-57,-1257,2025-01-29 10:49:27,0.0
-12156,-2252,-6196,-3821,262,-1442,2025-01-29 10:49:27,0.0
-11848,-3112,-6596,-4038,1020,-1925,2025-01-29 10:49:27,0.0
-13020,-3924,-6696,-4033,1789,-2200,2025-01-29 10:49:27,0.0
-14020,-4684,-6692,-3517,2497,-2436,2025-01-29 10:49:27,0.0
-14896,-5676,-6852,-2871,1984,-2615,2025-01-29 10:49:27,0.0
-15836,-6332,-6700,-1945,-182,-1836,2025-01-29 10:49:27,0.0
-15952,-6812,-6652,-1092,-2398,60,2025-01-29 10:49:27,0.0
-14096,-6816,-6168,-162,-2883,1562,2025-01-29 10:49:27,0.0
-12804,-6336,-6108,908,-2535,1948,2025-01-29 10:49:27,0.0
-12688,-5012,-6528,1257,-2523,2808,2025-01-29 10:49:27,0.0
-12136,-3456,-7556,973,-2795,3917,2025-01-29 10:49:27,0.0
-11280,-2548,-8200,595,-2922,4643,2025-01-29 10:49:27,0.0
-10188,-1432,-8668,422,-3007,4886,2025-01-29 10:49:27,0.0
-9396,-116,-9404,368,-3025,4746,2025-01-29 10:49:27,0.0
-8568,1080,-8624,465,-2895,4155,2025-01-29 10:49:27,0.0
-7992,1376,-7400,555,-2032,3188,2025-01-29 10:49:27,0.0
-8272,284,-6848,551,119,2066,2025-01-29 10:49:28,0.0
-9892,-1132,-6512,782,1894,2166,2025-01-29 10:49:28,0.0
-10964,-1892,-6908,1418,2890,2669,2025-01-29 10:49:28,0.0
-12368,-1704,-7884,1660,3183,3171,2025-01-29 10:49:28,0.0
-13632,-1268,-8156,1422,2586,3695,2025-01-29 10:49:28,0.0
-14136,-652,-8460,1319,995,4362,2025-01-29 10:49:28,0.0
-13728,-308,-7524,1268,-902,4845,2025-01-29 10:49:28,0.0
-12448,-464,-6572,1533,-2517,5030,2025-01-29 10:49:28,0.0
-11148,-268,-6332,1864,-3075,4956,2025-01-29 10:49:28,0.0
-9680,-32,-6096,2321,-2953,4589,2025-01-29 10:49:28,0.0
-9196,480,-6004,2619,-1880,4463,2025-01-29 10:49:28,0.0
-8664,900,-6288,2670,-318,4422,2025-01-29 10:49:28,0.0
-9020,1340,-6344,2442,1317,4245,2025-01-29 10:49:28,0.0
-9624,1652,-6648,2035,2325,3773,2025-01-29 10:49:28,0.0
-10372,1344,-6212,1733,2263,3082,2025-01-29 10:49:28,0.0
-10960,1016,-5924,1575,1422,2301,2025-01-29 10:49:28,0.0
-11480,968,-5576,1289,425,1665,2025-01-29 10:49:28,0.0
-11480,1292,-5744,926,-132,1482,2025-01-29 10:49:28,0.0
-11224,1700,-6248,546,-75,1389,2025-01-29 10:49:28,0.0
-10740,2012,-6364,76,-62,958,2025-01-29 10:49:28,0.0
-10676,1812,-5964,-175,-156,413,2025-01-29 10:49:28,0.0
-10956,1268,-5596,-217,-96,-7,2025-01-29 10:49:28,0.0
-11008,764,-5072,13,76,-253,2025-01-29 10:49:28,0.0
-10892,516,-5256,325,-5,-526,2025-01-29 10:49:28,0.0
-10648,604,-5036,606,118,-714,2025-01-29 10:49:28,0.0
-10700,900,-5204,1034,836,-677,2025-01-29 10:49:28,0.0
-11132,1116,-5456,1254,1641,-669,2025-01-29 10:49:28,0.0
-11768,1072,-5456,1313,2128,-618,2025-01-29 10:49:28,0.0
-12672,908,-4920,1476,1943,-537,2025-01-29 10:49:28,0.0
-12652,840,-4752,1624,968,-459,2025-01-29 10:49:28,0.0
-12488,1044,-5304,1756,-115,-453,2025-01-29 10:49:28,0.0
-12004,1088,-5724,1840,-425,-502,2025-01-29 10:49:28,0.0
-11932,1024,-5556,1998,21,-488,2025-01-29 10:49:28,0.0
-12624,584,-5028,2244,1081,-248,2025-01-29 10:49:28,0.0
-13328,-44,-5172,2550,1873,-4,2025-01-29 10:49:28,0.0
-13860,-276,-5284,2945,2159,51,2025-01-29 10:49:28,0.0
-14912,500,-5488,2924,2108,423,2025-01-29 10:49:28,0.0
-14848,988,-4280,2850,1285,898,2025-01-29 10:49:28,0.0
-14636,1188,-5100,2934,589,1036,2025-01-29 10:49:28,0.0
-14740,520,-7280,2292,1635,1531,2025-01-29 10:49:28,0.0
-14772,500,-8436,1851,2656,1746,2025-01-29 10:49:28,0.0
-14884,1204,-9392,1081,2399,1491,2025-01-29 10:49:28,0.0
-15188,2144,-10152,361,1687,1058,2025-01-29 10:49:28,0.0
-14824,2856,-10396,-729,469,414,2025-01-29 10:49:28,0.0
-13580,2920,-9764,-1835,-1771,-1064,2025-01-29 10:49:28,0.0
-12884,1980,-9796,-2629,-3122,-1692,2025-01-29 10:49:28,0.0
-11188,1052,-9020,-3006,-3556,-1438,2025-01-29 10:49:28,0.0
-8816,-248,-7568,-2795,-3780,-1291,2025-01-29 10:49:28,0.0
-7072,-1640,-6380,-1790,-3506,-1629,2025-01-29 10:49:28,0.0
-6044,-2744,-5972,-693,-1975,-2324,2025-01-29 10:49:28,0.0
-6540,-3076,-6104,396,1030,-2965,2025-01-29 10:49:28,0.0
-8064,-2604,-7764,1320,3868,-3112,2025-01-29 10:49:28,0.0
-9628,-1964,-8796,1337,5026,-2980,2025-01-29 10:49:28,0.0
-11288,-1012,-8796,1279,4737,-2936,2025-01-29 10:49:28,0.0
-12488,-392,-8336,955,3313,-2717,2025-01-29 10:49:28,0.0
-12772,300,-9068,-177,95,-2457,2025-01-29 10:49:28,0.0
-12328,328,-9184,-1217,-2179,-2323,2025-01-29 10:49:28,0.0
-10864,172,-9176,-1738,-2741,-2521,2025-01-29 10:49:28,0.0
-10080,-404,-8548,-2045,-2723,-3170,2025-01-29 10:49:28,0.0
-9964,-820,-6872,-2062,-2653,-3818,2025-01-29 10:49:28,0.0
-9736,-1344,-6484,-1856,-2388,-4156,2025-01-29 10:49:28,0.0
-9772,-1868,-6452,-1894,-1676,-4190,2025-01-29 10:49:29,0.0
-10244,-2236,-5900,-2011,-859,-3974,2025-01-29 10:49:29,0.0
-10200,-2444,-6056,-2091,-502,-3703,2025-01-29 10:49:29,0.0
-10196,-2480,-6116,-2212,-411,-3426,2025-01-29 10:49:29,0.0
-10308,-2152,-5940,-2311,-112,-3178,2025-01-29 10:49:29,0.0
-10160,-2092,-5740,-2525,644,-3057,2025-01-29 10:49:29,0.0
-10364,-2004,-5708,-2617,1142,-2969,2025-01-29 10:49:29,0.0
-10876,-2236,-5564,-2585,1479,-2731,2025-01-29 10:49:29,0.0
-11656,-2500,-5464,-2476,1595,-2429,2025-01-29 10:49:29,0.0
-12204,-2940,-5428,-2335,1136,-2073,2025-01-29 10:49:29,0.0
-12448,-3048,-5280,-2205,164,-1616,2025-01-29 10:49:29,0.0
-12152,-2804,-5056,-2046,-619,-871,2025-01-29 10:49:29,0.0
-11268,-2340,-5212,-1945,-985,-317,2025-01-29 10:49:29,
-10292,-2012,-5420,-2066,-734,-140,2025-01-29 10:49:29,0.0
-10088,-1844,-5264,-2246,-90,-123,2025-01-29 10:49:29,0.0
-10336,-1720,-5448,-2419,570,11,2025-01-29 10:49:29,0.0
-10268,-1708,-6300,-2724,1300,127,2025-01-29 10:49:29,0.0
-10788,-1704,-6736,-3033,2176,23,2025-01-29 10:49:29,0.0
-11348,-1440,-6760,-3368,2800,-332,2025-01-29 10:49:29,0.0
-12076,-1100,-6784,-3675,2471,-971,2025-01-29 10:49:29,0.0
-12460,-1212,-6616,-3849,1653,-1698,2025-01-29 10:49:29,0.0
-12192,-1876,-6744,-3855,691,-2287,2025-01-29 10:49:29,0.0
-12304,-1884,-6756,-3919,377,-2630,2025-01-29 10:49:29,0.0
-12840,-1636,-6368,-4038,500,-2858,2025-01-29 10:49:29,0.0
-13756,-1984,-5772,-4171,688,-3414,2025-01-29 10:49:29,0.0
-15000,-2996,-4940,-4113,328,-3977,2025-01-29 10:49:29,0.0
-16168,-4212,-4508,-4012,-1095,-3905,2025-01-29 10:49:29,0.0
-16248,-5924,-5700,-3315,-2363,-3201,2025-01-29 10:49:29,0.0
-15756,-6524,-7264,-2115,-2180,-2616,2025-01-29 10:49:29,0.0
-15308,-7168,-6360,-62,-1439,-2698,2025-01-29 10:49:29,0.0
-15660,-7388,-5620,2497,-2068,-2978,2025-01-29 10:49:29,0.0
-17140,-6116,-6916,3974,-3901,-1688,2025-01-29 10:49:29,0.0
-17012,-4052,-9964,3624,-5879,1407,2025-01-29 10:49:29,0.0
-13484,-2476,-11116,3079,-6280,3064,2025-01-29 10:49:29,0.0
-10596,-1196,-11024,2058,-6299,2994,2025-01-29 10:49:29,0.0
-8100,48,-10004,815,-6236,3098,2025-01-29 10:49:29,0.0
-6028,1072,-8604,-114,-5124,2917,2025-01-29 10:49:29,0.0
-5340,1524,-8376,-690,-1720,2081,2025-01-29 10:49:29,0.0
-6244,1556,-9240,-991,2937,826,2025-01-29 10:49:29,0.0
-9520,1136,-9388,-1370,6505,249,2025-01-29 10:49:29,0.0
-12152,548,-8800,-1535,7834,642,2025-01-29 10:49:29,0.0
-14284,300,-8160,-1442,6615,1189,2025-01-29 10:49:29,0.0
-15280,-540,-8500,-1524,2974,1786,2025-01-29 10:49:29,0.0
-14840,-1872,-8056,-1714,-1010,2203,2025-01-29 10:49:29,0.0
-13604,-2632,-7468,-1578,-3186,2710,2025-01-29 10:49:29,0.0
-11096,-2684,-6268,-852,-4479,3325,2025-01-29 10:49:29,0.0
-9532,-2176,-5292,-50,-4754,3731,2025-01-29 10:49:29,0.0
-7968,-1424,-4704,662,-3944,3922,2025-01-29 10:49:29,0.0
-7164,-292,-5032,1038,-2009,3687,2025-01-29 10:49:29,0.0
-7732,1008,-5064,1276,1266,3449,2025-01-29 10:49:29,0.0
-8444,1592,-5676,1204,3486,3118,2025-01-29 10:49:29,0.0
-9700,1548,-6004,856,4494,2303,2025-01-29 10:49:29,0.0
-11572,1104,-5548,654,3622,1475,2025-01-29 10:49:29,0.0
-12360,736,-5928,747,1766,1222,2025-01-29 10:49:29,0.0
-12564,804,-6256,788,86,1215,2025-01-29 10:49:29,0.0
-11592,988,-6620,839,-982,1040,2025-01-29 10:49:29,0.0
-10728,860,-6124,977,-1346,705,2025-01-29 10:49:29,0.0
-10712,656,-5712,921,-1233,614,2025-01-29 10:49:29,0.0
-10160,360,-4964,1032,-829,469,2025-01-29 10:49:29,0.0
-10124,240,-4632,1166,-731,26,2025-01-29 10:49:29,0.0
-10420,196,-4512,1487,-624,-353,2025-01-29 10:49:29,0.0
-10808,700,-4916,1895,-402,-738,2025-01-29 10:49:30,0.0
-11776,1248,-5336,2096,-104,-945,2025-01-29 10:49:30,0.0
-13120,1612,-5236,2104,-538,-779,2025-01-29 10:49:30,0.0
-13660,1072,-4752,2166,-1866,-489,2025-01-29 10:49:30,0.0
-13220,-68,-5020,2244,-3517,-275,2025-01-29 10:49:30,0.0
-12208,-1192,-4588,2634,-3891,125,2025-01-29 10:49:30,0.0
-11772,-2092,-3856,3209,-2413,562,2025-01-29 10:49:30,0.0
-11748,-2328,-3688,4052,-24,923,2025-01-29 10:49:30,0.0
-12572,-2080,-4272,4715,2018,1190,2025-01-29 10:49:30,0.0
-13964,-1732,-3960,5129,2970,1516,2025-01-29 10:49:30,0.0
-15200,-1284,-4088,5479,2636,2082,2025-01-29 10:49:30,0.0
-15096,-552,-3440,5639,1778,2633,2025-01-29 10:49:30,0.0
-14892,376,-3836,5706,844,2711,2025-01-29 10:49:30,0.0
-15196,1016,-5728,5215,1320,2862,2025-01-29 10:49:30,0.0
-15376,728,-8188,4453,2764,3025,2025-01-29 10:49:30,0.0
-16184,2080,-9708,3056,3258,3287,2025-01-29 10:49:30,0.0
-16468,3744,-10540,1170,2685,3628,2025-01-29 10:49:30,0.0
-15584,4920,-9916,-438,1041,3513,2025-01-29 10:49:30,0.0
-13464,4384,-8232,-1296,-1003,2061,2025-01-29 10:49:30,0.0
-12024,2064,-8528,-1583,-2494,-122,2025-01-29 10:49:30,0.0
-12112,44,-8308,-1486,-3085,-995,2025-01-29 10:49:30,0.0
-10580,-1616,-7656,-684,-3131,-1194,2025-01-29 10:49:30,0.0
-9176,-2228,-7080,317,-2733,-1358,2025-01-29 10:49:30,0.0
-8032,-2396,-7196,1312,-2099,-1948,2025-01-29 10:49:30,0.0
-8012,-2400,-7480,1857,-1129,-2492,2025-01-29 10:49:30,0.0
-8752,-1672,-7480,2079,774,-2369,2025-01-29 10:49:30,0.0
-9560,-1372,-7448,1641,3118,-1872,2025-01-29 10:49:30,0.0
-9724,-1480,-8184,790,3697,-1896,2025-01-29 10:49:30,0.0
-10736,-1576,-7616,397,2998,-2374,2025-01-29 10:49:30,0.0
-11680,-1496,-7200,412,1532,-2578,2025-01-29 10:49:30,0.0
-11656,-1636,-6800,284,-55,-2599,2025-01-29 10:49:30,0.0
-11148,-1608,-7004,-32,-1268,-2776,2025-01-29 10:49:30,0.0
-10684,-1560,-7080,-220,-1544,-3102,2025-01-29 10:49:30,0.0
-10264,-1484,-7372,-320,-1024,-3404,2025-01-29 10:49:30,0.0
-10180,-1060,-7460,-584,-288,-3725,2025-01-29 10:49:30,0.0
-10144,-1032,-7048,-1102,142,-3909,2025-01-29 10:49:30,0.0
-10608,-1152,-6092,-1642,347,-3879,2025-01-29 10:49:30,0.0
-10660,-1780,-5676,-2009,327,-3774,2025-01-29 10:49:30,0.0
-11076,-2468,-5764,-2218,335,-3648,2025-01-29 10:49:30,0.0
-11388,-2876,-5864,-2406,415,-3290,2025-01-29 10:49:30,0.0
-11452,-3084,-5436,-2420,444,-2912,2025-01-29 10:49:30,0.0
-11460,-3292,-5236,-2269,526,-2564,2025-01-29 10:49:30,0.0
-11588,-2980,-5020,-2126,322,-2046,2025-01-29 10:49:30,0.0
-11308,-2808,-4956,-2128,107,-1709,2025-01-29 10:49:30,0.0
-11068,-2824,-4780,-2112,159,-1314,2025-01-29 10:49:30,0.0
-10848,-2856,-4824,-2105,384,-792,2025-01-29 10:49:30,0.0
-10512,-2848,-4800,-2007,962,-207,2025-01-29 10:49:30,0.0
-10508,-3140,-4376,-1967,1587,166,2025-01-29 10:49:30,0.0
-10856,-3144,-4416,-1880,2331,444,2025-01-29 10:49:30,0.0
-11692,-2720,-5528,-1890,2724,814,2025-01-29 10:49:30,0.0
-12256,-2256,-5888,-2069,2761,998,2025-01-29 10:49:30,0.0
-12980,-2256,-6232,-2200,2560,975,2025-01-29 10:49:30,
-13156,-1596,-6116,-2332,1942,463,2025-01-29 10:49:30,0.0
-13432,-816,-6396,-2550,871,-164,2025-01-29 10:49:30,0.0
-13184,-396,-6476,-3106,-367,-850,2025-01-29 10:49:30,0.0
-12292,-664,-6640,-3588,-1210,-1631,2025-01-29 10:49:30,0.0
-11516,-1116,-6580,-4072,-1347,-2460,2025-01-29 10:49:30,0.0
-11384,-1448,-6252,-4447,-906,-3179,2025-01-29 10:49:30,0.0
-11604,-1704,-5704,-4762,-506,-3560,2025-01-29 10:49:30,0.0
-12184,-2544,-5384,-5086,-267,-3709,2025-01-29 10:49:30,0.0
-13000,-3492,-6392,-5129,471,-3958,2025-01-29 10:49:31,0.0
-11336,-2792,-7784,536,-3319,1564,2025-01-29 10:49:31,0.0
-10724,-2260,-7704,160,-3356,1761,2025-01-29 10:49:31,0.0
-10020,-1496,-8232,-247,-3495,1991,2025-01-29 10:49:31,0.0
-9268,-124,-8440,-597,-2901,1897,2025-01-29 10:49:31,0.0
-8660,1352,-8400,-930,-1605,1431,2025-01-29 10:49:31,0.0
-8276,2580,-7952,-1577,-403,653,2025-01-29 10:49:31,0.0
-8132,3692,-7888,-2324,437,-455,2025-01-29 10:49:31,0.0
-8204,3872,-8372,-3375,1541,-1833,2025-01-29 10:49:31,0.0
-10196,2856,-8356,-4376,3097,-2683,2025-01-29 10:49:31,0.0
-12552,1316,-7528,-4812,3669,-2520,2025-01-29 10:49:31,0.0
-14268,-300,-8132,-4825,3027,-2081,2025-01-29 10:49:31,0.0
-15416,-2104,-8244,-4971,1073,-1405,2025-01-29 10:49:31,0.0
-15840,-3716,-6212,-4182,-1698,-312,2025-01-29 10:49:31,0.0
-14604,-4080,-5516,-2889,-3637,1215,2025-01-29 10:49:31,0.0
-12436,-3920,-5500,-1780,-4126,2260,2025-01-29 10:49:31,0.0
-10892,-3056,-3964,-643,-4101,2984,2025-01-29 10:49:31,0.0
-8672,-1984,-4508,315,-3506,3297,2025-01-29 10:49:31,0.0
-8892,-700,-4092,792,-1905,3566,2025-01-29 10:49:31,0.0
-8768,580,-4004,994,69,3740,2025-01-29 10:49:31,0.0
-9480,1620,-4456,1003,1529,3540,2025-01-29 10:49:31,0.0
-10152,2240,-5000,846,2028,2834,2025-01-29 10:49:31,0.0
-10964,1948,-4904,827,1514,1722,2025-01-29 10:49:31,0.0
-11584,1148,-4796,831,404,960,2025-01-29 10:49:31,0.0
-11876,540,-4328,897,-561,402,2025-01-29 10:49:31,0.0
-11312,100,-4500,1074,-885,-64,2025-01-29 10:49:31,0.0
-11196,56,-3756,1301,-872,-355,2025-01-29 10:49:31,0.0
-11172,-100,-4328,1488,-848,-551,2025-01-29 10:49:31,0.0
-11592,-488,-3744,1915,-580,-343,2025-01-29 10:49:31,0.0
-11648,-720,-4260,2393,-109,-110,2025-01-29 10:49:31,0.0
-11696,-500,-4764,2798,671,158,2025-01-29 10:49:31,0.0
-12544,76,-4728,3031,1714,387,2025-01-29 10:49:31,0.0
-13608,876,-5112,2932,2711,870,2025-01-29 10:49:31,0.0
-13684,1240,-6108,2642,2633,1498,2025-01-29 10:49:31,0.0
-13932,1688,-6428,2231,1752,1986,2025-01-29 10:49:31,0.0
-13768,1672,-6176,2046,534,2120,2025-01-29 10:49:31,0.0
-13912,1184,-5848,2011,-126,2395,2025-01-29 10:49:31,0.0
-13460,796,-5932,2098,-371,2765,2025-01-29 10:49:31,0.0
-12852,96,-6456,2111,-26,2819,2025-01-29 10:49:31,0.0
-12612,-324,-6368,2203,759,2128,2025-01-29 10:49:31,0.0
-12984,-40,-7376,2881,1691,1089,2025-01-29 10:49:31,0.0
-14552,1280,-10384,2774,2508,574,2025-01-29 10:49:31,0.0
-15548,2596,-11428,1605,2723,905,2025-01-29 10:49:31,0.0
-14420,3428,-9680,644,1568,702,2025-01-29 10:49:31,0.0
-11968,2844,-8448,386,-883,-1171,2025-01-29 10:49:31,0.0
-11276,916,-8072,58,-2586,-2736,2025-01-29 10:49:31,0.0
-9460,-708,-7532,224,-2698,-3255,2025-01-29 10:49:31,0.0
-8528,-1920,-6444,532,-1688,-3424,2025-01-29 10:49:31,0.0
-7964,-2996,-6164,1130,-452,-3032,2025-01-29 10:49:31,0.0
-7948,-4048,-6364,1501,1550,-2425,2025-01-29 10:49:31,0.0
-8472,-3992,-5668,1870,4031,-1873,2025-01-29 10:49:31,0.0
-9080,-4136,-6884,1926,5603,-1531,2025-01-29 10:49:31,0.0
-11256,-4028,-6544,2035,5542,-1520,2025-01-29 10:49:31,0.0
-13152,-3312,-7372,2146,5656,-803,2025-01-29 10:49:31,0.0
-13236,-1708,-6620,2862,3685,-321,2025-01-29 10:49:31,0.0
-13620,-1384,-7108,2661,1542,-226,2025-01-29 10:49:31,0.0
-14008,-1348,-7800,1636,-1096,-252,2025-01-29 10:49:32,0.0
-13316,-1884,-6988,2437,-1828,982,2025-01-29 10:49:32,0.0
-10424,-2380,-9116,2691,-1310,797,2025-01-29 10:49:32,0.0
-9220,-2060,-8280,1292,-870,-209,2025-01-29 10:49:32,0.0
-9232,-2628,-6784,1154,-98,-533,2025-01-29 10:49:32,0.0
-9076,-3360,-7112,1255,992,-645,2025-01-29 10:49:32,0.0
-9592,-3424,-7260,1315,2285,-845,2025-01-29 10:49:32,0.0
-10064,-3604,-7104,1434,2756,-1406,2025-01-29 10:49:32,0.0
-12100,-3684,-7548,1451,2047,-1614,2025-01-29 10:49:32,0.0
-12244,-3580,-7476,1036,1086,-728,2025-01-29 10:49:32,0.0
-11732,-3340,-7408,1199,369,-662,2025-01-29 10:49:32,0.0
-11552,-2808,-7628,849,-64,-706,2025-01-29 10:49:32,0.0
-10828,-2708,-7492,626,-279,-868,2025-01-29 10:49:32,0.0
-12112,-2460,-7788,204,-307,-641,2025-01-29 10:49:32,0.0
-11008,-2628,-7388,-105,-85,-287,2025-01-29 10:49:32,0.0
-11944,-2364,-7556,-444,77,84,2025-01-29 10:49:32,0.0
-11500,-2552,-6940,-985,-373,65,2025-01-29 10:49:32,0.0
-12548,-2528,-6596,-1352,-1699,190,2025-01-29 10:49:32,0.0
-11184,-2492,-6396,-1784,-2476,659,2025-01-29 10:49:32,0.0
-10424,-2176,-6712,-2247,-1925,1534,2025-01-29 10:49:32,0.0
-9648,-2080,-6420,-3117,-1324,1822,2025-01-29 10:49:32,0.0
-10068,-1620,-7096,-3631,-667,1981,2025-01-29 10:49:32,0.0
-11144,-1852,-6692,-4131,229,2369,2025-01-29 10:49:32,0.0
-11896,-1920,-6972,-3977,235,2629,2025-01-29 10:49:32,0.0
-11992,-2068,-7256,-3547,-142,2340,2025-01-29 10:49:32,0.0
-10492,-1596,-8016,-2614,-470,938,2025-01-29 10:49:32,0.0
-10624,-764,-8492,-1812,-489,-303,2025-01-29 10:49:32,0.0
-11316,-688,-7012,-1603,2145,-404,2025-01-29 10:49:32,0.0
-11040,-456,-6744,-1595,1674,-301,2025-01-29 10:49:32,0.0
-11216,-428,-6820,-1624,1060,-363,2025-01-29 10:49:32,0.0
-12288,204,-6768,-1079,-1122,58,2025-01-29 10:49:32,0.0
-11700,628,-7220,-677,-1359,77,2025-01-29 10:49:32,0.0
-11796,996,-7008,-362,-1340,29,2025-01-29 10:49:32,0.0
-9620,1384,-6916,-473,-1148,-379,2025-01-29 10:49:32,0.0
-11660,1060,-6284,-152,947,-1970,2025-01-29 10:49:32,0.0
-10448,216,-7224,-424,2691,-1250,2025-01-29 10:49:34,
-11468,272,-6992,-746,2437,-1207,2025-01-29 10:49:34,0.0
-12240,56,-7172,-584,1549,-1433,2025-01-29 10:49:34,0.0
-12604,-1380,-6392,1742,-6773,1206,2025-01-29 10:49:34,0.0
-12780,-1048,-6732,2126,-5472,1695,2025-01-29 10:49:34,0.0
-12728,-1508,-8064,2038,-2300,2082,2025-01-29 10:49:34,0.0
-10948,-1816,-8124,938,-111,1712,2025-01-29 10:49:34,0.0
-10852,-888,-7760,-5,1405,1163,2025-01-29 10:49:34,0.0
-9400,-1776,-8580,736,753,697,2025-01-29 10:49:34,0.0
-13888,-904,-2288,195,-544,-780,2025-01-29 10:49:34,0.0
-13356,-932,-2140,195,-865,-607,2025-01-29 10:49:34,0.0
-12704,-796,-2232,136,-228,-561,2025-01-29 10:49:35,0.0
-12784,-812,-1992,103,667,-574,2025-01-29 10:49:35,0.0
-13400,-1024,-1808,197,1114,-416,2025-01-29 10:49:35,0.0
-13796,-1240,-2088,231,924,-299,2025-01-29 10:49:35,0.0
-14288,-1168,-2308,209,468,-260,2025-01-29 10:49:35,0.0
-14116,-1188,-2196,174,17,-231,2025-01-29 10:49:35,0.0
-11980,-2404,-3768,-3206,3425,-5457,2025-01-29 10:49:35,0.0
-12572,-2248,-4240,-3186,3199,-5436,2025-01-29 10:49:35,0.0
-13404,-2276,-4164,-3135,3393,-4707,2025-01-29 10:49:35,0.0
-13868,-2508,-4468,-3443,3489,-3375,2025-01-29 10:49:35,0.0
-13528,-2348,-4940,-3918,3812,-2661,2025-01-29 10:49:35,0.0
-12348,-2544,-4828,-4632,4178,-2861,2025-01-29 10:49:35,0.0
-11920,-2688,-4788,-5216,4579,-3786,2025-01-29 10:49:35,0.0
-12304,-2652,-4768,-5675,4897,-4775,2025-01-29 10:49:37,0.0
-12944,-2456,-5096,-6094,4372,-5426,2025-01-29 10:49:37,0.0
-13324,-2160,-5296,-6614,2938,-5647,2025-01-29 10:49:37,0.0
-13316,-2312,-6128,-7325,993,-5663,2025-01-29 10:49:37,0.0
-12772,-2328,-6052,-7776,-649,-5466,2025-01-29 10:49:37,0.0
-11848,-2292,-6560,-8631,-1369,-5101,2025-01-29 10:49:37,0.0
-10872,-2492,-6468,-9186,-1169,-5071,2025-01-29 10:49:37,0.0
-11192,-2764,-7112,-10989,479,-5052,2025-01-29 10:49:37,0.0
-11144,-3156,-6780,-11390,575,-5010,2025-01-29 10:49:37,0.0
-12040,-512,-6516,-5781,2001,-3825,2025-01-29 10:49:37,0.0
-12872,-924,-6076,-6511,2199,-3737,2025-01-29 10:49:37,0.0
-13496,-1384,-5608,-6775,2489,-4543,2025-01-29 10:49:37,0.0
-13692,-1788,-5496,-6633,2240,-6058,2025-01-29 10:49:37,0.0
-13972,-2132,-6120,-6190,928,-7421,2025-01-29 10:49:37,0.0
-13988,-2024,-6012,-5742,-463,-7732,2025-01-29 10:49:37,0.0
-13052,-2036,-5544,-5689,-1225,-7386,2025-01-29 10:49:37,0.0
-11300,-2260,-5184,-5878,-1424,-7151,2025-01-29 10:49:37,0.0
-10364,-2988,-5256,-6120,-1213,-7118,2025-01-29 10:49:37,0.0
-9960,-3804,-5384,-6152,-379,-7102,2025-01-29 10:49:37,0.0
-10224,-4476,-5240,-5967,1008,-6782,2025-01-29 10:49:37,0.0
-11004,-4648,-4692,-5608,2313,-6179,2025-01-29 10:49:37,0.0
-11984,-4404,-4196,-5043,3015,-5634,2025-01-29 10:49:37,0.0
-12968,-4076,-3904,-4389,2880,-5049,2025-01-29 10:49:37,0.0
-13332,-3788,-4184,-3660,1302,-4439,2025-01-29 10:49:37,0.0
-13588,-3712,-4920,-3335,-462,-3699,2025-01-29 10:49:37,0.0
-13088,-3880,-4764,-3123,-1647,-2806,2025-01-29 10:49:37,0.0
-11680,-3616,-4688,-2792,-1806,-2375,2025-01-29 10:49:37,0.0
-11000,-3028,-4468,-2604,-1377,-2195,2025-01-29 10:49:37,0.0
-10992,-2728,-3932,-2673,-728,-1986,2025-01-29 10:49:37,0.0
-11188,-2996,-3692,-2570,-54,-1773,2025-01-29 10:49:37,0.0
-11692,-3224,-4160,-2577,609,-1565,2025-01-29 10:49:37,0.0
-12264,-3592,-4540,-2677,1223,-1315,2025-01-29 10:49:37,0.0
-12624,-3768,-4808,-2521,1341,-986,2025-01-29 10:49:37,0.0
-12784,-3752,-4248,-2293,915,-889,2025-01-29 10:49:37,0.0
-12500,-3684,-3688,-2140,460,-905,2025-01-29 10:49:37,0.0
-12468,-3524,-3792,-2007,212,-1016,2025-01-29 10:49:38,0.0
-12148,-3500,-4000,-1863,84,-1014,2025-01-29 10:49:38,0.0
-11616,-3472,-4564,-1851,158,-1002,2025-01-29 10:49:38,0.0
-11396,-3536,-4748,-1853,563,-997,2025-01-29 10:49:38,0.0
-11556,-3328,-4968,-1981,910,-917,2025-01-29 10:49:38,0.0
-11852,-3000,-4732,-2240,1247,-710,2025-01-29 10:49:38,0.0
-12136,-2904,-4316,-2431,1461,-502,2025-01-29 10:49:38,0.0
-12148,-3208,-4636,-2559,1491,-464,2025-01-29 10:49:38,0.0
-12032,-3632,-4888,-2554,991,-711,2025-01-29 10:49:38,0.0
-12172,-3708,-4852,-2306,153,-917,2025-01-29 10:49:38,0.0
-12128,-3260,-4724,-2176,-750,-779,2025-01-29 10:49:38,0.0
-11964,-2976,-4184,-2350,-610,-798,2025-01-29 10:49:38,0.0
-12372,-3028,-3412,-2454,27,-895,2025-01-29 10:49:38,0.0
-13236,-3480,-3680,-2574,477,-640,2025-01-29 10:49:38,0.0
-13688,-4064,-3720,-2851,833,-464,2025-01-29 10:49:38,0.0
-13940,-4652,-3648,-2867,961,-535,2025-01-29 10:49:38,0.0
-14520,-4672,-2804,-2551,905,-548,2025-01-29 10:49:38,0.0
-14256,-4440,-3232,-2230,379,-356,2025-01-29 10:49:38,0.0
-13796,-3876,-5136,-1751,808,-676,2025-01-29 10:49:38,0.0
-14252,-3464,-6244,-1256,2549,-1304,2025-01-29 10:49:38,0.0
-14536,-4028,-6192,-294,3472,-2508,2025-01-29 10:49:38,0.0
-15956,-4816,-7268,665,2700,-3761,2025-01-29 10:49:38,0.0
-17992,-4920,-7844,939,187,-3384,2025-01-29 10:49:38,0.0
-18752,-4900,-7768,689,-2901,-869,2025-01-29 10:49:38,0.0
-16632,-4096,-8060,209,-5444,1945,2025-01-29 10:49:38,0.0
-12520,-3392,-8992,-669,-6742,3595,2025-01-29 10:49:38,0.0
-9292,-2316,-9208,-1886,-6583,4161,2025-01-29 10:49:38,0.0
-7584,-1628,-9292,-2288,-4291,3962,2025-01-29 10:49:38,0.0
-7028,-1308,-9208,-2102,-1256,3293,2025-01-29 10:49:38,0.0
-7168,-1144,-8568,-1626,1353,2265,2025-01-29 10:49:38,0.0
-8628,-160,-7488,-1007,2593,1364,2025-01-29 10:49:38,0.0
-10736,620,-6864,-1168,2790,1168,2025-01-29 10:49:38,0.0
-12260,88,-7152,-1970,2308,1544,2025-01-29 10:49:38,0.0
-13128,-960,-6916,-2199,1608,2405,2025-01-29 10:49:38,0.0
-12920,-1860,-6768,-1835,932,3081,2025-01-29 10:49:38,0.0
-12708,-2332,-6748,-1480,359,3366,2025-01-29 10:49:38,0.0
-12500,-2508,-6060,-917,-241,3643,2025-01-29 10:49:38,0.0
-11664,-2484,-5932,-368,-1278,3775,2025-01-29 10:49:38,0.0
-10716,-1864,-5452,222,-2048,3587,2025-01-29 10:49:38,0.0
-10196,-1124,-5772,608,-1955,3580,2025-01-29 10:49:38,0.0
-9512,-168,-5628,767,-1401,3718,2025-01-29 10:49:38,0.0
-9272,672,-5240,803,-136,3722,2025-01-29 10:49:38,
-9384,1584,-5212,543,1146,3537,2025-01-29 10:49:38,0.0
-9972,1408,-5220,304,1887,3037,2025-01-29 10:49:38,0.0
-10652,548,-4760,391,1826,2431,2025-01-29 10:49:38,0.0
-11520,-752,-5056,546,1287,2090,2025-01-29 10:49:38,0.0
-11884,-1176,-4768,888,889,2013,2025-01-29 10:49:38,0.0
-12240,-1344,-4260,1285,458,2032,2025-01-29 10:49:38,0.0
-12168,-700,-4060,1647,-165,2095,2025-01-29 10:49:38,0.0
-11656,148,-3948,1883,-902,1826,2025-01-29 10:49:38,0.0
-11668,424,-3760,2157,-1428,1315,2025-01-29 10:49:38,0.0
-11848,-72,-3376,2411,-1388,963,2025-01-29 10:49:38,0.0
-12100,-808,-2888,2880,-1384,812,2025-01-29 10:49:38,0.0
-11984,-1092,-3184,3481,-1610,855,2025-01-29 10:49:38,0.0
-12096,-316,-3800,3963,-1894,925,2025-01-29 10:49:38,0.0
-12588,848,-4568,3852,-1841,1360,2025-01-29 10:49:38,0.0
-12392,1560,-4896,3537,-1498,1664,2025-01-29 10:49:38,0.0
-11940,1688,-5108,3452,-890,1668,2025-01-29 10:49:38,0.0
-11780,916,-5000,3323,-56,1348,2025-01-29 10:49:38,0.0
-12560,-72,-4688,3265,734,1560,2025-01-29 10:49:38,0.0
-12876,-148,-4704,3424,1151,2270,2025-01-29 10:49:38,0.0
-13316,56,-4948,3233,1555,2861,2025-01-29 10:49:38,0.0
-14604,1280,-3496,3962,2328,2793,2025-01-29 10:49:39,0.0
-14896,1084,-2560,4482,1082,1690,2025-01-29 10:49:39,0.0
-15748,1172,-4140,4701,651,1519,2025-01-29 10:49:39,0.0
-14808,788,-5752,4646,1384,1421,2025-01-29 10:49:39,0.0
-15140,1988,-8808,3603,2563,1125,2025-01-29 10:49:39,0.0
-16580,4076,-10784,1481,3245,1751,2025-01-29 10:49:39,0.0
-16896,5352,-11444,-595,2665,2426,2025-01-29 10:49:39,0.0
-15760,4764,-11652,-1922,473,2057,2025-01-29 10:49:39,0.0
-13668,916,-9508,-2176,-2833,-460,2025-01-29 10:49:39,0.0
-12048,-1388,-7308,-1511,-5543,-1721,2025-01-29 10:49:39,0.0
-7512,-2156,-6724,-195,-8183,-2649,2025-01-29 10:49:39,0.0
-5888,-3076,-6924,772,-8012,-3125,2025-01-29 10:49:39,0.0
-6172,-3940,-7128,1241,-4228,-2670,2025-01-29 10:49:39,0.0
-6788,-4104,-7708,1192,1890,-1558,2025-01-29 10:49:39,0.0
-7096,-2672,-7320,1501,6876,-1110,2025-01-29 10:49:39,0.0
-8872,-1636,-7796,1642,9433,-2103,2025-01-29 10:49:39,0.0
-11748,-724,-7836,1173,10195,-2739,2025-01-29 10:49:39,0.0
-13940,-168,-6844,609,7262,-2793,2025-01-29 10:49:39,0.0
-14296,-372,-7148,256,2404,-2950,2025-01-29 10:49:39,0.0
-14080,-676,-7728,-44,-1464,-3197,2025-01-29 10:49:39,0.0
-12496,-1124,-7760,28,-3088,-3346,2025-01-29 10:49:39,0.0
-10816,-1420,-7656,-89,-3690,-3410,2025-01-29 10:49:39,0.0
-9416,-1568,-6796,-397,-3625,-3392,2025-01-29 10:49:39,0.0
-8404,-1684,-6208,-797,-2577,-3482,2025-01-29 10:49:39,0.0
-8556,-1852,-5856,-1173,-703,-3547,2025-01-29 10:49:39,0.0
-9236,-2212,-5140,-1334,1172,-3471,2025-01-29 10:49:39,0.0
-10152,-2348,-4796,-1351,1807,-3465,2025-01-29 10:49:39,0.0
-10868,-2716,-5308,-1340,1589,-3435,2025-01-29 10:49:39,0.0
-11724,-2860,-5280,-1377,1147,-3059,2025-01-29 10:49:39,0.0
-11860,-2580,-6132,-1349,623,-2204,2025-01-29 10:49:39,0.0
-12024,-1900,-6136,-1449,163,-1264,2025-01-29 10:49:39,0.0
-11488,-1800,-5988,-1745,-132,-1050,2025-01-29 10:49:39,0.0
-11208,-1784,-5580,-2000,-396,-1052,2025-01-29 10:49:39,0.0
-11464,-1468,-5752,-2342,-462,-782,2025-01-29 10:49:39,0.0
-10960,-1136,-5300,-2862,-389,-472,2025-01-29 10:49:39,0.0
-10440,-1088,-5196,-3504,-185,-555,2025-01-29 10:49:39,0.0
-10712,-1336,-4716,-3845,188,-684,2025-01-29 10:49:39,0.0
-11260,-1576,-4696,-4160,788,-893,2025-01-29 10:49:39,0.0
-12020,-2144,-4984,-4530,1327,-1101,2025-01-29 10:49:39,0.0
-12452,-2692,-4764,-4584,1187,-1407,2025-01-29 10:49:39,0.0
-13088,-2784,-5048,-4435,328,-1422,2025-01-29 10:49:39,0.0
-12984,-2484,-5464,-4257,-616,-1380,2025-01-29 10:49:39,0.0
-12044,-2220,-5532,-4296,-939,-1727,2025-01-29 10:49:39,0.0
-11932,-1552,-5356,-4447,-704,-2128,2025-01-29 10:49:39,0.0
-12380,-1448,-5368,-4692,62,-2255,2025-01-29 10:49:39,0.0
-13200,-1976,-4572,-4898,859,-2327,2025-01-29 10:49:39,0.0
-13928,-2888,-4496,-5015,994,-2458,2025-01-29 10:49:39,0.0
-13976,-3828,-4276,-4886,1015,-2814,2025-01-29 10:49:39,0.0
-15096,-4196,-2624,-4540,306,-3139,2025-01-29 10:49:39,0.0
-14796,-4136,-3488,-4188,-88,-3012,2025-01-29 10:49:39,0.0
-14288,-3268,-5752,-3352,376,-3001,2025-01-29 10:49:39,0.0
-14436,-3592,-6344,-2589,1759,-3249,2025-01-29 10:49:39,0.0
-15016,-4520,-6024,-1385,2039,-3698,2025-01-29 10:49:39,0.0
-15740,-5660,-6180,76,682,-3748,2025-01-29 10:49:39,0.0
-17256,-6004,-7648,1098,-1849,-2132,2025-01-29 10:49:39,0.0
-16640,-4708,-8940,1319,-3574,182,2025-01-29 10:49:39,0.0
-13576,-2020,-9880,1678,-4825,1569,2025-01-29 10:49:39,0.0
-11264,200,-11348,664,-5671,2087,2025-01-29 10:49:39,0.0
-9688,1660,-11212,-933,-5444,2880,2025-01-29 10:49:39,0.0
-7820,1912,-10100,-2017,-3304,2889,2025-01-29 10:49:39,0.0
-7400,1812,-9140,-2329,-581,2132,2025-01-29 10:49:39,0.0
-8852,960,-8732,-2250,2341,1495,2025-01-29 10:49:40,0.0
-11032,12,-8408,-1800,3570,1768,2025-01-29 10:49:40,0.0
-12348,-928,-7500,-1417,3168,2420,2025-01-29 10:49:40,0.0
-12444,-1308,-6564,-1051,1933,3006,2025-01-29 10:49:40,0.0
-12120,-1376,-6564,-473,231,3378,2025-01-29 10:49:40,0.0
-10992,-1648,-6820,-52,-932,3545,2025-01-29 10:49:40,0.0
-10336,-1240,-6596,477,-903,3664,2025-01-29 10:49:40,0.0
-9772,-732,-6416,1004,-286,3947,2025-01-29 10:49:40,0.0
-9332,-256,-6252,1196,421,4102,2025-01-29 10:49:40,0.0
-9052,232,-5556,1405,1146,3992,2025-01-29 10:49:40,0.0
-9460,532,-5900,1548,1655,3520,2025-01-29 10:49:40,0.0
-9664,988,-5980,1388,2009,2890,2025-01-29 10:49:40,0.0
-10016,1452,-5908,1183,2102,2203,2025-01-29 10:49:40,0.0
-10824,1620,-5948,927,2070,1792,2025-01-29 10:49:40,0.0
-11308,1844,-5964,530,1698,1554,2025-01-29 10:49:40,0.0
-11384,1432,-5636,277,1043,1283,2025-01-29 10:49:40,0.0
-11272,1004,-5660,165,421,917,2025-01-29 10:49:40,0.0
-11248,708,-5412,185,-34,639,2025-01-29 10:49:40,0.0
-11020,736,-5360,211,-126,530,2025-01-29 10:49:40,
-10964,1036,-5360,226,-112,472,2025-01-29 10:49:40,0.0
-11852,1076,-4344,694,-345,549,2025-01-29 10:49:40,0.0
-12612,808,-3940,1099,-999,590,2025-01-29 10:49:40,0.0
-12952,140,-3636,1630,-2107,499,2025-01-29 10:49:40,0.0
-12816,-260,-3616,2341,-3355,181,2025-01-29 10:49:40,0.0
-12540,-36,-3996,2945,-4164,16,2025-01-29 10:49:40,0.0
-11920,608,-4196,3076,-4080,213,2025-01-29 10:49:40,0.0
-11196,868,-4136,2936,-3057,651,2025-01-29 10:49:40,0.0
-10744,1376,-4012,2980,-1269,890,2025-01-29 10:49:40,0.0
-11228,1624,-4408,2694,1182,710,2025-01-29 10:49:40,0.0
-12444,1148,-4832,2741,3056,326,2025-01-29 10:49:40,0.0
-14204,620,-4956,2675,3349,296,2025-01-29 10:49:40,0.0
-15052,532,-4952,2677,2531,591,2025-01-29 10:49:40,0.0
-15608,1160,-5084,2561,1308,883,2025-01-29 10:49:40,0.0
-15552,1908,-5832,2091,434,1359,2025-01-29 10:49:40,0.0
-15356,1920,-6084,1648,319,1723,2025-01-29 10:49:40,0.0
-14868,1204,-6624,1082,809,1852,2025-01-29 10:49:40,0.0
-14512,684,-6984,404,1240,1804,2025-01-29 10:49:40,0.0
-14512,1100,-7744,73,1034,2022,2025-01-29 10:49:40,0.0
-14596,1800,-9456,-331,1383,2391,2025-01-29 10:49:40,0.0
-14052,2060,-9756,-622,1817,2458,2025-01-29 10:49:40,0.0
-12316,1548,-8884,-674,383,1033,2025-01-29 10:49:40,0.0
-9972,-56,-8124,-392,-1402,-1431,2025-01-29 10:49:40,0.0
-9888,-2700,-7756,413,-1764,-2674,2025-01-29 10:49:40,0.0
-8960,-4360,-8220,1837,-773,-2684,2025-01-29 10:49:40,0.0
-8752,-4124,-9192,2135,1228,-2483,2025-01-29 10:49:40,0.0
-9148,-2368,-9056,2202,2777,-2393,2025-01-29 10:49:40,0.0
-10248,-820,-8580,2091,3246,-2357,2025-01-29 10:49:40,0.0
-11124,276,-8184,1541,2656,-2091,2025-01-29 10:49:40,0.0
-11608,400,-7668,635,1135,-2156,2025-01-29 10:49:40,0.0
-11608,-140,-7664,-15,-279,-2526,2025-01-29 10:49:40,0.0
-11624,-800,-7404,-156,-1391,-2847,2025-01-29 10:49:40,0.0
-11280,-1332,-6976,8,-2107,-2674,2025-01-29 10:49:40,0.0
-10244,-1928,-6936,-168,-2282,-2578,2025-01-29 10:49:40,0.0
-9828,-2232,-6484,-236,-2021,-2455,2025-01-29 10:49:40,0.0
-9624,-2264,-6564,-262,-1105,-2255,2025-01-29 10:49:40,0.0
-9492,-2200,-6652,-344,335,-2062,2025-01-29 10:49:40,0.0
-10092,-2188,-6220,-346,1355,-2089,2025-01-29 10:49:40,0.0
-10804,-2168,-5868,-251,1794,-2091,2025-01-29 10:49:40,0.0
-11708,-2204,-6040,-132,1586,-1925,2025-01-29 10:49:40,0.0
-12064,-2228,-6160,25,1174,-1626,2025-01-29 10:49:40,0.0
-12072,-2232,-6372,98,771,-1343,2025-01-29 10:49:41,0.0
-11708,-2100,-6872,-17,222,-1249,2025-01-29 10:49:41,0.0
-11668,-1912,-6756,-159,-6,-1111,2025-01-29 10:49:41,0.0
-11272,-1900,-6336,-337,-47,-1100,2025-01-29 10:49:41,0.0
-10608,-1724,-5800,-452,-155,-1081,2025-01-29 10:49:41,0.0
-10244,-1636,-5472,-627,87,-1156,2025-01-29 10:49:41,0.0
-10556,-1524,-5228,-915,688,-1199,2025-01-29 10:49:41,0.0
-11056,-1492,-5464,-1255,1342,-1026,2025-01-29 10:49:41,0.0
-11260,-1432,-5304,-1569,1511,-908,2025-01-29 10:49:41,0.0
-11552,-1308,-5112,-1726,1143,-800,2025-01-29 10:49:41,0.0
-11264,-1268,-4984,-1943,603,-768,2025-01-29 10:49:41,0.0
-11136,-1292,-4580,-2193,259,-800,2025-01-29 10:49:41,0.0
-10620,-1656,-5240,-2409,186,-740,2025-01-29 10:49:41,0.0
-10280,-2136,-5988,-2619,670,-815,2025-01-29 10:49:41,0.0
-10876,-2512,-6308,-2790,1645,-855,2025-01-29 10:49:41,0.0
-11800,-2480,-6580,-2891,2360,-716,2025-01-29 10:49:41,0.0
-12480,-1552,-6480,-2982,2325,-677,2025-01-29 10:49:41,0.0
-13108,-1560,-6400,-3246,1541,-969,2025-01-29 10:49:41,0.0
-13444,-2132,-5768,-3242,493,-1372,2025-01-29 10:49:41,0.0
-13832,-2544,-5268,-3056,-507,-1486,2025-01-29 10:49:41,0.0
-14116,-3020,-5560,-3083,-1274,-1300,2025-01-29 10:49:41,0.0
-14108,-2824,-5600,-3318,-1272,-990,2025-01-29 10:49:41,0.0
-13720,-2664,-4752,-3710,-1096,-558,2025-01-29 10:49:41,0.0
-13148,-2880,-4204,-4078,-1014,-509,2025-01-29 10:49:41,0.0
-12852,-2880,-5248,-3836,-536,-1056,2025-01-29 10:49:41,0.0
-13832,-3384,-6960,-2991,1116,-1469,2025-01-29 10:49:41,0.0
-14756,-4204,-6900,-1618,1744,-1575,2025-01-29 10:49:41,0.0
-15588,-5028,-6900,336,798,-1382,2025-01-29 10:49:41,0.0
-15916,-5408,-6880,2043,-844,-692,2025-01-29 10:49:41,0.0
-15552,-5272,-7580,3025,-2845,411,2025-01-29 10:49:41,0.0
-14236,-3632,-7996,3315,-3706,1756,2025-01-29 10:49:41,0.0
-11952,-1472,-8904,2905,-3777,2257,2025-01-29 10:49:41,0.0
-10492,964,-10112,1929,-3913,2535,2025-01-29 10:49:41,0.0
-9048,2484,-10444,206,-3023,3018,2025-01-29 10:49:41,0.0
-7552,2872,-9888,-1131,-1058,2630,2025-01-29 10:49:41,0.0
-6936,2296,-9352,-1881,989,1386,2025-01-29 10:49:41,0.0
-7452,1304,-9112,-2053,2549,3,2025-01-29 10:49:41,0.0
-9204,524,-7808,-2007,3383,-562,2025-01-29 10:49:41,0.0
-10672,152,-7400,-1806,3541,-421,2025-01-29 10:49:41,0.0
-11584,116,-7852,-1499,2990,6,2025-01-29 10:49:41,0.0
-12068,408,-8440,-1715,1902,324,2025-01-29 10:49:41,0.0
-12240,696,-8376,-2108,466,564,2025-01-29 10:49:41,0.0
-12412,744,-8224,-2231,-285,863,2025-01-29 10:49:41,0.0
-12216,572,-8004,-2414,-761,1268,2025-01-29 10:49:41,0.0
-11680,412,-7256,-2386,-1001,1506,2025-01-29 10:49:41,0.0
-10668,272,-6968,-2199,-1291,1568,2025-01-29 10:49:41,0.0
-10020,48,-6560,-1827,-539,1193,2025-01-29 10:49:41,0.0
-9808,-176,-5996,-1360,495,687,2025-01-29 10:49:41,0.0
-10256,92,-6064,-1059,1176,450,2025-01-29 10:49:41,0.0
-10972,300,-6312,-1090,1387,406,2025-01-29 10:49:41,0.0
-11556,544,-6536,-1117,1051,621,2025-01-29 10:49:41,0.0
-11684,1012,-6696,-1175,678,693,2025-01-29 10:49:41,0.0
-11496,1180,-6656,-1068,266,608,2025-01-29 10:49:41,0.0
-11208,1188,-6328,-888,-30,292,2025-01-29 10:49:41,0.0
-11052,988,-6160,-706,-110,-99,2025-01-29 10:49:41,0.0
-11320,616,-6040,-439,163,-38,2025-01-29 10:49:41,0.0
-11476,140,-6052,-183,527,58,2025-01-29 10:49:41,0.0
-12064,232,-6188,105,512,253,2025-01-29 10:49:41,0.0
-12564,288,-6392,301,85,538,2025-01-29 10:49:41,
-12552,352,-6404,531,-511,680,2025-01-29 10:49:41,0.0
-12656,344,-6112,830,-1050,689,2025-01-29 10:49:41,0.0
-12764,544,-5752,1249,-1544,836,2025-01-29 10:49:42,0.0
-12412,408,-5692,1687,-2068,1144,2025-01-29 10:49:42,0.0
-11684,608,-5716,2033,-2436,1397,2025-01-29 10:49:42,0.0
-10668,392,-5360,2472,-2260,1486,2025-01-29 10:49:42,0.0
-9520,484,-5180,2798,-1452,1346,2025-01-29 10:49:42,0.0
-8716,552,-5084,3080,-173,1020,2025-01-29 10:49:42,0.0
-8664,908,-4868,3434,1602,646,2025-01-29 10:49:42,0.0
-9000,1300,-4784,3774,3645,257,2025-01-29 10:49:42,0.0
-10056,1196,-5068,4012,5156,-262,2025-01-29 10:49:42,0.0
-11932,840,-5912,4130,5205,-429,2025-01-29 10:49:42,0.0
-13332,-272,-6872,4189,4679,-194,2025-01-29 10:49:42,0.0
-13804,-704,-7248,4387,3636,36,2025-01-29 10:49:42,0.0
-13820,-452,-7288,4468,2120,377,2025-01-29 10:49:42,0.0
-12852,-560,-8132,4268,689,726,2025-01-29 10:49:42,0.0
-11640,-356,-9016,4040,24,839,2025-01-29 10:49:42,0.0
-10456,192,-9904,3565,257,957,2025-01-29 10:49:42,0.0
-9928,4,-9828,2982,1226,1173,2025-01-29 10:49:42,0.0
-9572,-676,-9620,2611,2035,1222,2025-01-29 10:49:42,0.0
-10180,-1336,-9264,2484,2707,1075,2025-01-29 10:49:42,0.0
-10488,-1352,-8644,2448,2584,704,2025-01-29 10:49:42,0.0
-10904,-1080,-8616,2255,1585,251,2025-01-29 10:49:42,0.0
-11588,-356,-8176,1937,-304,55,2025-01-29 10:49:42,0.0
-10612,140,-8784,1444,-1756,-150,2025-01-29 10:49:42,0.0
-9820,368,-9388,856,-2304,-470,2025-01-29 10:49:42,0.0
-9344,724,-9896,466,-1822,-680,2025-01-29 10:49:42,0.0
-8796,852,-9848,-150,-441,-941,2025-01-29 10:49:42,0.0
-9112,404,-9384,-767,1387,-1130,2025-01-29 10:49:42,0.0
-9976,-576,-9360,-1002,2795,-969,2025-01-29 10:49:42,0.0
-10536,-1460,-8916,-810,3395,-713,2025-01-29 10:49:42,0.0
-11016,-1740,-7960,-541,3239,-710,2025-01-29 10:49:42,0.0
-11504,-1196,-7848,-364,2616,-769,2025-01-29 10:49:42,0.0
-12084,-872,-7560,-367,1886,-820,2025-01-29 10:49:42,0.0
-11784,-612,-7608,-344,1021,-890,2025-01-29 10:49:42,0.0
-11316,136,-7732,-389,54,-975,2025-01-29 10:49:42,0.0
-10720,340,-7936,-901,-390,-1091,2025-01-29 10:49:42,0.0
-10396,152,-7416,-1402,82,-1263,2025-01-29 10:49:42,0.0
-10656,-156,-7560,-1752,816,-1236,2025-01-29 10:49:42,0.0
-11032,-284,-7756,-2063,1169,-1255,2025-01-29 10:49:42,0.0
-11532,-132,-7588,-2292,948,-1379,2025-01-29 10:49:42,0.0
-11988,-480,-7760,-2403,517,-1534,2025-01-29 10:49:42,0.0
-12328,-1140,-7636,-2274,134,-1485,2025-01-29 10:49:42,0.0
-12308,-1824,-7444,-2005,-244,-1193,2025-01-29 10:49:42,0.0
-11920,-2264,-7388,-1631,-572,-898,2025-01-29 10:49:42,0.0
-11224,-2132,-7408,-1153,-634,-691,2025-01-29 10:49:42,0.0
-10704,-1848,-6972,-757,-589,-639,2025-01-29 10:49:42,0.0
-10356,-1592,-6880,-476,-186,-720,2025-01-29 10:49:42,0.0
-10584,-1176,-6864,-324,450,-814,2025-01-29 10:49:42,0.0
-11004,-1088,-6904,-310,961,-778,2025-01-29 10:49:42,0.0
-11340,-920,-7292,-351,950,-557,2025-01-29 10:49:42,0.0
-11536,-640,-8012,-463,593,-286,2025-01-29 10:49:42,0.0
-11104,-372,-7928,-650,189,-272,2025-01-29 10:49:42,0.0
-10628,-708,-7764,-728,207,-552,2025-01-29 10:49:42,0.0
-10820,-1140,-7824,-693,485,-693,2025-01-29 10:49:42,0.0
-10936,-1352,-7928,-615,830,-629,2025-01-29 10:49:42,0.0
-11284,-1388,-7872,-709,1028,-521,2025-01-29 10:49:42,0.0
-11420,-1148,-7648,-644,854,-425,2025-01-29 10:49:42,0.0
-11404,-1096,-7632,-582,603,-378,2025-01-29 10:49:42,0.0
-11324,-1132,-7472,-507,505,-345,2025-01-29 10:49:42,0.0
-11252,-1056,-7548,-325,218,-275,2025-01-29 10:49:42,0.0
-11148,-880,-7740,-281,59,-264,2025-01-29 10:49:42,0.0
-10872,-740,-7624,-349,-99,-261,2025-01-29 10:49:42,0.0
-10980,-784,-7376,-374,-15,-160,2025-01-29 10:49:43,0.0
-11100,-660,-7568,-398,344,-169,2025-01-29 10:49:43,0.0
-11108,-928,-7620,-400,635,-156,2025-01-29 10:49:43,0.0
-11228,-868,-7636,-346,617,-151,2025-01-29 10:49:43,0.0
-11484,-928,-7700,-267,397,-163,2025-01-29 10:49:43,0.0
-11408,-764,-7652,-166,106,-110,2025-01-29 10:49:43,0.0
-11284,-640,-7580,-238,-53,-75,2025-01-29 10:49:43,0.0
-11136,-724,-7424,-331,-28,-17,2025-01-29 10:49:43,0.0
-10996,-868,-7472,-325,136,46,2025-01-29 10:49:43,0.0
-10964,-960,-7332,-285,307,-10,2025-01-29 10:49:43,0.0
-11268,-976,-7632,-226,370,-68,2025-01-29 10:49:43,0.0
-11524,-900,-7872,-191,82,-36,2025-01-29 10:49:43,0.0
-11408,-776,-7592,-177,-267,62,2025-01-29 10:49:43,0.0
-11180,-664,-7940,-305,-482,65,2025-01-29 10:49:43,0.0
-11032,-796,-7740,-483,-613,121,2025-01-29 10:49:43,0.0
-10764,-888,-7628,-525,-413,72,2025-01-29 10:49:43,0.0
-10664,-836,-7472,-434,-82,-115,2025-01-29 10:49:43,0.0
-10660,-840,-7480,-355,175,-279,2025-01-29 10:49:43,0.0
-10952,-884,-7452,-251,224,-421,2025-01-29 10:49:43,0.0
-11156,-912,-7440,-206,206,-445,2025-01-29 10:49:43,0.0
-11224,-712,-7464,-200,104,-398,2025-01-29 10:49:43,0.0
-11076,-816,-7460,-263,97,-349,2025-01-29 10:49:43,0.0
-11044,-792,-7424,-195,205,-318,2025-01-29 10:49:43,0.0
-10936,-784,-7400,-158,411,-332,2025-01-29 10:49:43,0.0
-11164,-724,-7632,-62,479,-288,2025-01-29 10:49:43,0.0
-11364,-648,-7380,-49,374,-239,2025-01-29 10:49:43,0.0
-11328,-644,-7508,-75,177,-182,2025-01-29 10:49:43,0.0
-11340,-656,-7480,-145,41,-165,2025-01-29 10:49:43,0.0
-11252,-644,-7416,-93,129,-118,2025-01-29 10:49:43,0.0
-11120,-856,-7320,-73,313,-136,2025-01-29 10:49:43,0.0
-11288,-904,-7484,25,375,-121,2025-01-29 10:49:43,0.0
-11432,-788,-7636,183,219,-35,2025-01-29 10:49:43,0.0
-11236,-864,-7700,164,124,-63,2025-01-29 10:49:43,0.0
-11196,-864,-7552,183,114,-12,2025-01-29 10:49:43,0.0
-11068,-756,-7332,195,199,-28,2025-01-29 10:49:43,0.0
-11072,-704,-7568,210,273,-21,2025-01-29 10:49:43,0.0
-11308,-668,-7268,151,334,-13,2025-01-29 10:49:43,
