acceleration_x,acceleration_y,acceleration_z,gyroscope_x,gyroscope_y,gyroscope_z,timestamp,label
-11112,-316,-7568,-65,-124,-110,2025-01-29 10:42:04,1
-10932,-252,-7320,-67,-9,-122,2025-01-29 10:42:04,1
-10904,-292,-7332,-67,171,-102,2025-01-29 10:42:04,1
-10816,-240,-7536,-50,476,-140,2025-01-29 10:42:04,1
-10908,-228,-7648,-42,672,-196,2025-01-29 10:42:04,1
-11096,-280,-7852,-43,592,-176,2025-01-29 10:42:04,1
-11244,-348,-7988,-70,386,-138,2025-01-29 10:42:04,1
-11208,-328,-7972,-109,212,-126,2025-01-29 10:42:04,1
-11028,-244,-7920,-186,126,-143,2025-01-29 10:42:04,1
-11100,-172,-7784,-231,134,-204,2025-01-29 10:42:04,1
-10896,-176,-7692,-243,115,-233,2025-01-29 10:42:04,1
-10964,-180,-7928,-252,156,-284,2025-01-29 10:42:04,1
-10928,-236,-7744,-315,175,-298,2025-01-29 10:42:04,1
-10972,-312,-7696,-340,219,-320,2025-01-29 10:42:04,1
-11036,-384,-7620,-344,247,-297,2025-01-29 10:42:04,1
-11040,-496,-7668,-334,277,-257,2025-01-29 10:42:04,1
-10884,-460,-7704,-313,332,-269,2025-01-29 10:42:05,1
-11020,-312,-7736,-302,329,-251,2025-01-29 10:42:05,1
-11048,-296,-7784,-285,310,-258,2025-01-29 10:42:05,1
-11036,-332,-8000,-287,256,-237,2025-01-29 10:42:05,1
-11072,-360,-7780,-260,107,-255,2025-01-29 10:42:05,1
-11032,-340,-7736,-295,63,-260,2025-01-29 10:42:05,1
-10964,-280,-7732,-299,108,-232,2025-01-29 10:42:05,1
-11032,-344,-7524,-327,189,-210,2025-01-29 10:42:05,1
-10964,-364,-7684,-275,284,-157,2025-01-29 10:42:05,1
-11020,-400,-7636,-265,408,-128,2025-01-29 10:42:05,1
-11224,-456,-7756,-171,500,-98,2025-01-29 10:42:05,1
-11352,-476,-7880,-69,335,-4,2025-01-29 10:42:05,1
-11464,-688,-7696,-19,153,102,2025-01-29 10:42:05,1
-11584,-740,-7248,192,93,329,2025-01-29 10:42:05,1
-11548,-852,-7444,636,181,449,2025-01-29 10:42:05,1
-11956,-548,-8700,571,-13,711,2025-01-29 10:42:05,1
-12120,-152,-8472,513,-153,1123,2025-01-29 10:42:05,1
-12260,136,-7800,599,-744,1441,2025-01-29 10:42:05,1
-12612,272,-7204,679,-1451,1531,2025-01-29 10:42:05,1
-12500,-236,-6788,683,-2510,1502,2025-01-29 10:42:05,1
-11636,-1000,-5476,910,-5060,1172,2025-01-29 10:42:05,1
-11364,-920,-5144,1637,-6199,963,2025-01-29 10:42:05,1
-11208,-208,-5452,2370,-4653,1412,2025-01-29 10:42:05,1
-10520,1008,-5608,2787,-2497,1752,2025-01-29 10:42:05,1
-10516,1816,-6480,2179,-1124,1227,2025-01-29 10:42:05,1
-11304,1648,-6324,1244,-302,643,2025-01-29 10:42:05,1
-12048,664,-5820,916,-200,189,2025-01-29 10:42:05,1
-12424,252,-5968,1226,-214,259,2025-01-29 10:42:05,1
-12244,600,-6324,1305,-456,443,2025-01-29 10:42:05,1
-11852,960,-6392,1265,-839,378,2025-01-29 10:42:05,1
-11752,1128,-6024,1254,-1094,256,2025-01-29 10:42:05,1
-11396,1060,-6456,1240,-1085,101,2025-01-29 10:42:05,1
-11308,808,-6856,1146,-1143,-182,2025-01-29 10:42:05,1
-11584,248,-6244,1274,-993,-294,2025-01-29 10:42:05,1
-11792,-136,-6128,1420,-845,-345,2025-01-29 10:42:05,1
-11536,-396,-6092,1544,-1062,-360,2025-01-29 10:42:05,1
-11448,-288,-6200,1685,-1187,-265,2025-01-29 10:42:05,1
-10668,-352,-7104,1646,-1196,-109,2025-01-29 10:42:05,1
-10300,-328,-6988,1471,-639,-70,2025-01-29 10:42:05,1
-10212,-368,-7092,1346,543,-361,2025-01-29 10:42:05,1
-10684,-268,-7084,1532,1839,-1000,2025-01-29 10:42:05,1
-11456,-220,-7584,1764,2330,-1758,2025-01-29 10:42:05,1
-12492,-60,-7768,1950,1857,-2286,2025-01-29 10:42:05,1
-13240,32,-7096,2134,825,-2436,2025-01-29 10:42:05,1
-12772,-164,-6512,1906,-812,-2349,2025-01-29 10:42:05,1
-11588,-588,-5772,1532,-1326,-2726,2025-01-29 10:42:05,1
-11108,-1116,-4508,1070,-962,-3171,2025-01-29 10:42:05,1
-11168,-1516,-3892,484,622,-3352,2025-01-29 10:42:05,1
-11624,-1868,-3484,105,2680,-3443,2025-01-29 10:42:05,1
-11952,-2212,-3504,-221,3777,-3638,2025-01-29 10:42:05,1
-12600,-2432,-3420,-284,3962,-3787,2025-01-29 10:42:05,1
-12980,-2588,-3784,-173,3498,-3853,2025-01-29 10:42:05,1
-12896,-2896,-4288,-67,2639,-3872,2025-01-29 10:42:05,1
-12688,-3280,-4724,131,1702,-3581,2025-01-29 10:42:05,1
-12252,-3288,-4400,207,1224,-3185,2025-01-29 10:42:05,1
-11684,-2692,-4244,5,1247,-2731,2025-01-29 10:42:05,1
-11140,-2340,-4460,-590,1432,-2442,2025-01-29 10:42:05,1
-11060,-2588,-4856,-1347,1697,-2251,2025-01-29 10:42:05,1
-11368,-2732,-4884,-1989,1904,-2085,2025-01-29 10:42:05,1
-11960,-2592,-4472,-2635,2031,-1752,2025-01-29 10:42:05,1
-12024,-2304,-3736,-3137,1645,-1602,2025-01-29 10:42:06,1
-12068,-2112,-4064,-3349,944,-1527,2025-01-29 10:42:06,1
-11640,-2484,-5004,-3505,343,-1487,2025-01-29 10:42:06,1
-10848,-2916,-5728,-3540,577,-1838,2025-01-29 10:42:06,1
-10556,-2712,-6488,-3611,1478,-2395,2025-01-29 10:42:06,1
-12012,-2408,-6440,-3959,2970,-3086,2025-01-29 10:42:06,1
-12332,-3916,-6176,-3751,3224,-3827,2025-01-29 10:42:06,1
-13920,-5196,-5600,-3554,2149,-4372,2025-01-29 10:42:06,1
-16308,-5732,-4160,-3432,-241,-3266,2025-01-29 10:42:06,1
-15444,-5332,-3552,-2693,-1579,-1749,2025-01-29 10:42:06,1
-13364,-3988,-7544,-1489,-1881,-2172,2025-01-29 10:42:06,1
-13480,-2796,-9360,-1682,-1215,-3541,2025-01-29 10:42:06,1
-13884,-3040,-7608,-1077,-1193,-4392,2025-01-29 10:42:06,1
-14928,-4548,-8520,-585,-1583,-4580,2025-01-29 10:42:06,1
-16512,-6124,-9928,-753,-1678,-3298,2025-01-29 10:42:06,1
-16956,-7488,-9772,-445,-2351,-827,2025-01-29 10:42:06,1
-15836,-5996,-8056,1003,-2875,1331,2025-01-29 10:42:06,1
-14844,-3512,-7860,501,-4117,1913,2025-01-29 10:42:06,1
-13860,-2792,-9316,-886,-5578,3200,2025-01-29 10:42:06,1
-11304,-2892,-10592,-1970,-6371,4867,2025-01-29 10:42:06,1
-9392,-1736,-10828,-2255,-6334,5969,2025-01-29 10:42:06,1
-7336,524,-9472,-2309,-4882,6385,2025-01-29 10:42:06,1
-6004,1792,-7764,-2128,-2083,5255,2025-01-29 10:42:06,1
-5740,2300,-7140,-1913,1105,3047,2025-01-29 10:42:06,1
-7380,1960,-7672,-1956,3196,1317,2025-01-29 10:42:06,1
-10084,992,-7932,-2514,3565,1449,2025-01-29 10:42:06,1
-11216,-340,-7656,-2811,3143,2505,2025-01-29 10:42:06,1
-12052,-1448,-7244,-2650,2978,3391,2025-01-29 10:42:06,1
-11872,-2116,-7260,-2160,2512,3774,2025-01-29 10:42:06,1
-11916,-1956,-6896,-1394,1018,3936,2025-01-29 10:42:06,1
-11596,-1272,-6916,-733,-697,4109,2025-01-29 10:42:06,1
-11188,-372,-6344,-251,-1625,4198,2025-01-29 10:42:06,1
-10520,420,-5704,-89,-1927,4210,2025-01-29 10:42:06,1
-9808,1196,-5636,37,-1797,3959,2025-01-29 10:42:06,1
-9544,1988,-5396,16,-905,3573,2025-01-29 10:42:06,1
-8940,2068,-6000,-250,-146,3094,2025-01-29 10:42:06,1
-9712,1952,-5920,-562,569,2830,2025-01-29 10:42:06,1
-10788,2032,-5904,-633,1277,2923,2025-01-29 10:42:06,1
-11848,2116,-5936,-757,1553,3233,2025-01-29 10:42:06,1
-11536,1880,-6176,-757,617,2759,2025-01-29 10:42:06,1
-11764,1448,-5792,-430,-1646,1602,2025-01-29 10:42:06,1
-11776,880,-5364,-250,-3461,1038,2025-01-29 10:42:06,1
-10876,560,-5072,-76,-4340,635,2025-01-29 10:42:06,1
-9972,336,-4616,44,-4660,132,2025-01-29 10:42:06,1
-9628,300,-4228,302,-4675,-206,2025-01-29 10:42:06,1
-9272,500,-3920,513,-4317,-481,2025-01-29 10:42:06,1
-9164,928,-3768,713,-3252,-942,2025-01-29 10:42:06,1
-9696,1188,-3644,964,-1824,-1300,2025-01-29 10:42:06,1
-10424,1400,-4116,1184,-435,-1446,2025-01-29 10:42:06,1
-11076,1512,-4600,1262,740,-1387,2025-01-29 10:42:06,1
-12368,1540,-4400,1415,1742,-995,2025-01-29 10:42:06,1
-13024,1424,-4736,1755,2510,-360,2025-01-29 10:42:06,1
-13832,732,-4704,1962,3203,179,2025-01-29 10:42:06,1
-14968,-192,-4632,2557,3820,551,2025-01-29 10:42:06,1
-15692,-324,-5404,3216,3267,1034,2025-01-29 10:42:06,1
-15708,1280,-6016,3547,744,1576,2025-01-29 10:42:06,1
-15100,2780,-5016,3367,-1428,1627,2025-01-29 10:42:06,1
-14704,3168,-3256,3322,-2337,1090,2025-01-29 10:42:06,1
-14668,2604,-4084,3170,-1481,1018,2025-01-29 10:42:06,1
-14168,1908,-6452,2709,833,1465,2025-01-29 10:42:06,1
-14748,3472,-8268,1767,3572,1929,2025-01-29 10:42:07,1
-14292,5328,-9620,393,5677,2258,2025-01-29 10:42:07,1
-12660,5272,-10784,-1167,4565,1424,2025-01-29 10:42:07,1
-10860,4396,-11820,-2112,2249,-690,2025-01-29 10:42:07,1
-10900,2156,-12044,-2698,158,-2928,2025-01-29 10:42:07,1
-11052,-280,-10436,-3026,-1011,-2750,2025-01-29 10:42:07,1
-9524,-2544,-8660,-2149,-1775,-1853,2025-01-29 10:42:07,1
-8300,-4976,-8272,-697,-405,-1412,2025-01-29 10:42:07,1
-8700,-5928,-8448,452,2317,-1447,2025-01-29 10:42:07,1
-9696,-4636,-8440,1351,3843,-1238,2025-01-29 10:42:07,1
-10128,-2188,-8812,2305,4313,-1349,2025-01-29 10:42:07,1
-10192,-192,-9328,2386,3657,-2182,2025-01-29 10:42:07,1
-10444,1212,-8936,1660,1620,-3354,2025-01-29 10:42:07,1
-10648,1268,-8456,684,-450,-4190,2025-01-29 10:42:07,1
-10796,680,-8028,32,-1293,-4188,2025-01-29 10:42:07,1
-9820,-360,-8248,-467,-1389,-3761,2025-01-29 10:42:07,1
-8720,-1240,-7872,-799,-1130,-3723,2025-01-29 10:42:07,1
-9008,-2236,-6276,-809,-451,-3869,2025-01-29 10:42:07,1
-9508,-2752,-5836,-647,748,-3709,2025-01-29 10:42:07,1
-10404,-2684,-5492,-582,1743,-3378,2025-01-29 10:42:07,1
-10668,-2412,-5752,-586,2071,-2899,2025-01-29 10:42:07,1
-10824,-1996,-6048,-587,1843,-2424,2025-01-29 10:42:07,1
-10780,-1780,-5900,-572,1471,-2081,2025-01-29 10:42:07,1
-10764,-1804,-5916,-518,1494,-1875,2025-01-29 10:42:07,1
-10640,-1972,-6156,-571,1739,-1829,2025-01-29 10:42:07,1
-10752,-2072,-6048,-616,1928,-1912,2025-01-29 10:42:07,1
-11096,-2288,-6092,-632,1750,-1758,2025-01-29 10:42:07,1
-10920,-2144,-6596,-763,1547,-1298,2025-01-29 10:42:07,1
-10992,-1756,-5884,-1008,1449,-1141,2025-01-29 10:42:07,1
-10972,-1376,-5840,-1353,1342,-1177,2025-01-29 10:42:07,1
-11080,-1308,-5776,-1715,1388,-1048,2025-01-29 10:42:07,1
-10784,-1068,-5908,-2064,1427,-897,2025-01-29 10:42:07,1
-11324,-1260,-6040,-2345,1593,-932,2025-01-29 10:42:07,1
-11844,-1496,-6300,-2678,1747,-1248,2025-01-29 10:42:07,1
-12396,-1492,-6384,-2965,1326,-1807,2025-01-29 10:42:07,1
-13212,-1556,-6496,-3087,402,-2304,2025-01-29 10:42:07,1
-12924,-1516,-6768,-3125,-984,-2499,2025-01-29 10:42:07,1
-12116,-2172,-6872,-2939,-1953,-2778,2025-01-29 10:42:07,1
-11372,-3096,-6132,-2793,-2031,-3296,2025-01-29 10:42:07,1
-11252,-3420,-5868,-2951,-1546,-4010,2025-01-29 10:42:07,1
-12044,-2904,-5476,-3227,-1056,-4475,2025-01-29 10:42:07,1
-12756,-2140,-5712,-3345,-413,-4388,2025-01-29 10:42:07,1
-13568,-1296,-8516,-3170,1395,-4387,2025-01-29 10:42:07,1
-13956,-2728,-10500,-3513,3037,-4947,2025-01-29 10:42:07,1
-14368,-5560,-10216,-2903,2633,-5872,2025-01-29 10:42:07,1
-16820,-8012,-9448,-1175,830,-5382,2025-01-29 10:42:07,1
-19228,-8104,-10120,161,-2713,-1577,2025-01-29 10:42:07,1
-16220,-5252,-10872,49,-5220,2569,2025-01-29 10:42:07,1
-12104,-3192,-10736,7,-6730,2822,2025-01-29 10:42:07,1
-10100,-1272,-10288,-527,-8305,2822,2025-01-29 10:42:07,1
-7812,520,-8928,-1064,-9027,3001,2025-01-29 10:42:07,1
-5760,2020,-8560,-1598,-8139,2917,2025-01-29 10:42:07,1
-5172,2672,-8576,-2651,-4802,2658,2025-01-29 10:42:07,1
-4968,2504,-8472,-3261,87,2096,2025-01-29 10:42:07,1
-6076,1004,-8372,-3132,4880,1027,2025-01-29 10:42:07,1
-9628,-504,-7948,-2892,7854,837,2025-01-29 10:42:07,1
-11968,-1548,-7320,-2536,8315,1159,2025-01-29 10:42:07,1
-14160,-1856,-7164,-1746,5592,1909,2025-01-29 10:42:07,1
-15016,-1808,-7236,-654,1538,3192,2025-01-29 10:42:07,1
-13624,-1428,-8196,56,-1074,3962,2025-01-29 10:42:07,1
-12216,-1036,-7992,332,-2258,3996,2025-01-29 10:42:07,1
-10772,-512,-7180,862,-2921,4150,2025-01-29 10:42:08,1
-9328,364,-6840,1134,-3010,4204,2025-01-29 10:42:08,1
-8392,1072,-6116,1216,-1842,3943,2025-01-29 10:42:08,1
-7928,1408,-5880,1206,-359,3477,2025-01-29 10:42:08,1
-8244,1792,-6060,1201,1321,2950,2025-01-29 10:42:08,1
-9164,1844,-5884,1173,2582,2571,2025-01-29 10:42:08,1
-9984,1588,-6392,1113,2904,2375,2025-01-29 10:42:08,1
-10792,1464,-6292,978,2425,2181,2025-01-29 10:42:08,1
-10688,516,-5988,1300,1068,1599,2025-01-29 10:42:08,1
-10520,236,-5564,1947,-666,1133,2025-01-29 10:42:08,1
-10320,128,-5412,2494,-1069,782,2025-01-29 10:42:08,1
-10040,-156,-4964,3064,-1053,176,2025-01-29 10:42:08,1
-10648,-292,-5064,3460,-1298,-246,2025-01-29 10:42:08,1
-11268,-136,-5272,3728,-1566,-369,2025-01-29 10:42:08,1
-11968,536,-5656,3793,-1887,-394,2025-01-29 10:42:08,1
-12332,952,-6028,3632,-2176,-254,2025-01-29 10:42:08,1
-12636,956,-5260,3477,-2448,-17,2025-01-29 10:42:08,1
-12500,612,-5152,3466,-2820,130,2025-01-29 10:42:08,1
-12216,300,-4688,3627,-3124,285,2025-01-29 10:42:08,1
-12224,404,-4536,3948,-2804,655,2025-01-29 10:42:08,1
-12076,124,-4196,4258,-1015,1027,2025-01-29 10:42:08,1
-12156,-728,-4912,4542,661,1283,2025-01-29 10:42:08,1
-12208,-720,-5420,4718,1739,1208,2025-01-29 10:42:08,1
-14412,1328,-6120,4930,2632,1771,2025-01-29 10:42:08,1
-15040,1924,-5828,4853,2739,2433,2025-01-29 10:42:08,1
-15548,924,-5648,4644,1847,2390,2025-01-29 10:42:08,1
-15956,-1084,-6348,4484,1348,2575,2025-01-29 10:42:08,1
-15904,-1484,-7140,4358,1299,3199,2025-01-29 10:42:08,1
-16176,1720,-9464,4130,2809,4427,2025-01-29 10:42:08,1
-15604,4476,-13536,1924,4535,5549,2025-01-29 10:42:08,1
-13984,5280,-13976,-638,4271,5074,2025-01-29 10:42:08,1
-11556,4744,-11224,-1970,1232,2586,2025-01-29 10:42:08,1
-9732,2672,-9804,-1588,-2692,-758,2025-01-29 10:42:08,1
-9448,716,-9468,-1406,-5719,-2379,2025-01-29 10:42:08,1
-7324,-928,-6972,-671,-7101,-2685,2025-01-29 10:42:08,1
-5404,-2788,-5984,502,-6124,-2544,2025-01-29 10:42:08,1
-4496,-4704,-6060,1283,-3211,-2261,2025-01-29 10:42:08,1
-5140,-6220,-6300,1666,1567,-1781,2025-01-29 10:42:08,1
-6944,-5316,-6788,2131,6236,-705,2025-01-29 10:42:08,1
-8540,-3464,-8468,2397,8864,125,2025-01-29 10:42:08,1
-10932,-1312,-9464,1914,9922,-195,2025-01-29 10:42:08,1
-13240,324,-9360,1091,8248,-489,2025-01-29 10:42:08,1
-14468,1012,-8168,348,4092,-866,2025-01-29 10:42:08,1
-14724,-80,-7972,-87,-488,-1596,2025-01-29 10:42:08,1
-14240,-1012,-8184,-29,-3501,-1566,2025-01-29 10:42:08,1
-12100,-1348,-8736,-57,-4943,-1182,2025-01-29 10:42:08,1
-9916,-1552,-8016,-214,-4820,-1338,2025-01-29 10:42:08,1
-8612,-1460,-7184,-446,-3511,-1881,2025-01-29 10:42:08,1
-8216,-1464,-6584,-745,-1376,-2286,2025-01-29 10:42:08,1
-8596,-1804,-5760,-894,766,-2350,2025-01-29 10:42:08,1
-9240,-1960,-5412,-1057,2444,-2564,2025-01-29 10:42:08,1
-10600,-1944,-5372,-1176,2787,-2972,2025-01-29 10:42:08,1
-11580,-1964,-5968,-1352,2618,-2982,2025-01-29 10:42:08,1
-12264,-1608,-6352,-1638,1958,-2625,2025-01-29 10:42:08,1
-12492,-1264,-6380,-1972,999,-2301,2025-01-29 10:42:08,1
-12400,-1100,-6524,-2432,-278,-2001,2025-01-29 10:42:08,1
-11700,-1356,-5536,-2903,-1039,-1827,2025-01-29 10:42:08,1
-10460,-1376,-6120,-3143,-1222,-1631,2025-01-29 10:42:08,1
-10852,-1480,-5164,-3292,-932,-1302,2025-01-29 10:42:09,1
-10864,-1760,-4812,-3542,-409,-1172,2025-01-29 10:42:09,1
-10552,-1824,-4832,-3673,305,-1015,2025-01-29 10:42:09,1
-10284,-2056,-4996,-3748,896,-936,2025-01-29 10:42:09,1
-9980,-2148,-5912,-3813,1677,-1006,2025-01-29 10:42:09,1
-9860,-2064,-6288,-3776,3138,-1602,2025-01-29 10:42:09,1
-10908,-1284,-6964,-3844,3952,-1989,2025-01-29 10:42:09,1
-12124,-1208,-6304,-3837,3820,-1897,2025-01-29 10:42:09,1
-12256,-1796,-6276,-3569,3148,-2249,2025-01-29 10:42:09,1
-12876,-2528,-6992,-3508,1951,-2747,2025-01-29 10:42:09,1
-13472,-2908,-6728,-3509,721,-3284,2025-01-29 10:42:09,1
-13768,-2408,-5452,-3321,-454,-3901,2025-01-29 10:42:09,1
-13856,-1636,-4944,-3492,-1966,-4473,2025-01-29 10:42:09,1
-12408,-968,-7344,-3242,-2521,-5122,2025-01-29 10:42:09,1
-11428,-2092,-8688,-3281,-1332,-5671,2025-01-29 10:42:09,1
-10528,-4624,-7920,-2281,788,-6653,2025-01-29 10:42:09,1
-11604,-6732,-8308,-672,3248,-7523,2025-01-29 10:42:09,1
-15384,-7588,-9700,632,4823,-6613,2025-01-29 10:42:09,1
-17864,-7064,-11424,1331,3923,-3298,2025-01-29 10:42:09,1
-17564,-5668,-12724,1495,239,470,2025-01-29 10:42:09,1
-15608,-3104,-12412,732,-3755,1964,2025-01-29 10:42:09,1
-13600,-1940,-11424,-724,-7176,3021,2025-01-29 10:42:09,1
-10556,-1204,-10816,-1124,-8636,4316,2025-01-29 10:42:09,1
-7404,192,-10648,-1459,-8801,5167,2025-01-29 10:42:09,1
-4760,1368,-9500,-1747,-7340,4816,2025-01-29 10:42:09,1
-3168,2048,-7932,-1711,-4201,3297,2025-01-29 10:42:09,1
-3268,1832,-7024,-1352,409,1389,2025-01-29 10:42:09,1
-5276,1036,-7260,-1370,5044,-17,2025-01-29 10:42:09,1
-8540,120,-7352,-1650,7833,-196,2025-01-29 10:42:09,1
-11380,-608,-8096,-1923,8443,228,2025-01-29 10:42:09,1
-13652,-1248,-8564,-2134,7181,714,2025-01-29 10:42:09,1
-15228,-1252,-8684,-1948,3993,1422,2025-01-29 10:42:09,1
-15560,-848,-8672,-1549,-590,2381,2025-01-29 10:42:09,1
-14000,-432,-8884,-1428,-4308,2860,2025-01-29 10:42:09,1
-12012,588,-8468,-1488,-5989,3160,2025-01-29 10:42:09,1
-9736,928,-7500,-1425,-6194,3243,2025-01-29 10:42:09,1
-8264,744,-6164,-1406,-4986,2705,2025-01-29 10:42:09,1
-7428,560,-5636,-1132,-2527,1718,2025-01-29 10:42:09,1
-8008,144,-5052,-738,-157,1012,2025-01-29 10:42:09,1
-9052,-112,-5388,-481,1186,884,2025-01-29 10:42:09,1
-10284,20,-6024,-394,1767,982,2025-01-29 10:42:09,1
-11008,708,-6284,-209,1764,1189,2025-01-29 10:42:09,1
-11224,992,-6044,65,1090,978,2025-01-29 10:42:09,1
-11056,1188,-6184,475,56,484,2025-01-29 10:42:09,1
-10880,1164,-6160,673,-669,-41,2025-01-29 10:42:09,1
-10736,532,-5892,890,-979,-417,2025-01-29 10:42:09,1
-11016,200,-5388,1125,-918,-653,2025-01-29 10:42:09,1
-11228,192,-5412,1312,-910,-857,2025-01-29 10:42:09,1
-11772,384,-6072,1380,-1274,-1064,2025-01-29 10:42:09,1
-12016,608,-6244,1384,-1667,-1198,2025-01-29 10:42:09,1
-11960,724,-6492,1329,-2253,-1218,2025-01-29 10:42:09,1
-11600,1072,-6580,1134,-3038,-1073,2025-01-29 10:42:09,1
-10888,1476,-7180,680,-2822,-867,2025-01-29 10:42:09,1
-10960,1728,-7820,143,-1048,-687,2025-01-29 10:42:09,1
-11688,1396,-6952,-376,1193,-335,2025-01-29 10:42:09,1
-12612,1316,-5908,-277,2166,155,2025-01-29 10:42:09,1
-13268,708,-5616,152,2586,276,2025-01-29 10:42:09,1
-13776,-612,-4980,726,1719,-22,2025-01-29 10:42:09,1
-15016,-1796,-4008,1762,124,103,2025-01-29 10:42:09,1
-14772,-2044,-3912,3139,-729,625,2025-01-29 10:42:09,1
-13004,-1256,-5132,3850,-1469,212,2025-01-29 10:42:09,1
-12516,436,-7068,4124,-1420,-331,2025-01-29 10:42:09,1
-12308,1324,-9228,3690,28,-489,2025-01-29 10:42:09,1
-13020,2648,-11988,1283,2952,-97,2025-01-29 10:42:10,1
-13380,2396,-10908,-291,2534,-366,2025-01-29 10:42:10,1
-12828,624,-9548,-784,64,-1098,2025-01-29 10:42:10,1
-11444,-1452,-9312,-246,-2958,-1460,2025-01-29 10:42:10,1
-9076,-3712,-8488,580,-4115,-1722,2025-01-29 10:42:10,1
-7772,-5292,-7704,1271,-3073,-1967,2025-01-29 10:42:10,1
-7968,-5552,-6384,1958,-386,-1549,2025-01-29 10:42:10,1
-8552,-5072,-6912,2787,2950,-602,2025-01-29 10:42:10,1
-8888,-3972,-8120,2909,5426,-96,2025-01-29 10:42:10,1
-10296,-2556,-8308,2638,5684,-319,2025-01-29 10:42:10,1
-11864,-1868,-8364,2504,4740,-516,2025-01-29 10:42:10,1
-12600,-2108,-8920,2669,1954,-684,2025-01-29 10:42:10,1
-12060,-2772,-9124,2894,232,-637,2025-01-29 10:42:10,1
-10784,-3092,-8536,3068,-754,-214,2025-01-29 10:42:10,1
-9036,-3148,-7408,3158,-1013,102,2025-01-29 10:42:10,1
-7528,-3480,-7416,3288,-516,155,2025-01-29 10:42:10,1
-6968,-3232,-7904,3149,1123,-61,2025-01-29 10:42:10,1
-7420,-2592,-8272,2751,3092,-468,2025-01-29 10:42:10,1
-8728,-2108,-8820,2128,3979,-704,2025-01-29 10:42:10,1
-9824,-1752,-8712,1410,3526,-736,2025-01-29 10:42:10,1
-10640,-1752,-8964,733,2664,-545,2025-01-29 10:42:10,1
-10788,-1300,-9480,-17,1696,-303,2025-01-29 10:42:10,1
-10652,-776,-10088,-982,1299,-227,2025-01-29 10:42:10,1
-10268,-44,-10292,-2017,1470,-172,2025-01-29 10:42:10,1
-10256,52,-9964,-3104,1703,-265,2025-01-29 10:42:10,1
-10676,-988,-9212,-3761,1526,-433,2025-01-29 10:42:10,1
-11492,-1984,-8676,-3918,623,-421,2025-01-29 10:42:10,1
-11948,-3388,-8016,-3928,-814,-224,2025-01-29 10:42:10,1
-12032,-3676,-7060,-3525,-1759,-21,2025-01-29 10:42:10,1
-11704,-3196,-6852,-3018,-1651,278,2025-01-29 10:42:10,1
-11268,-2372,-6700,-2594,-1618,631,2025-01-29 10:42:10,1
-10488,-2020,-6496,-2436,-1947,1078,2025-01-29 10:42:10,1
-9320,-1624,-7320,-2372,-2021,1402,2025-01-29 10:42:10,1
-8540,-2248,-8424,-2383,-840,1097,2025-01-29 10:42:10,1
-9676,-2380,-8888,-2132,1433,586,2025-01-29 10:42:10,1
-11308,-1756,-9416,-1624,3463,431,2025-01-29 10:42:10,1
-12436,-1020,-8632,-1475,2430,458,2025-01-29 10:42:10,1
-12304,-648,-8216,-1256,-503,535,2025-01-29 10:42:10,1
-11396,-540,-8496,-1220,-1861,565,2025-01-29 10:42:10,1
-10384,-408,-7896,-1308,-1671,659,2025-01-29 10:42:10,1
-9628,-540,-7340,-1447,-820,736,2025-01-29 10:42:10,1
-9224,-1104,-7800,-1532,638,663,2025-01-29 10:42:10,1
-9524,-1780,-8368,-1305,2365,591,2025-01-29 10:42:10,1
-10108,-1688,-8416,-846,3338,335,2025-01-29 10:42:10,1
-11100,-1572,-8156,-495,3218,-95,2025-01-29 10:42:10,1
-11968,-1028,-7864,-154,2227,-318,2025-01-29 10:42:10,1
-12488,-512,-7604,161,926,-318,2025-01-29 10:42:10,1
-11872,56,-7908,218,-167,-268,2025-01-29 10:42:10,1
-11288,144,-7980,-50,-244,-257,2025-01-29 10:42:10,1
-10668,216,-8112,-394,71,-234,2025-01-29 10:42:10,1
-10336,-196,-7812,-636,274,-242,2025-01-29 10:42:10,1
-10408,-432,-7788,-698,547,-242,2025-01-29 10:42:10,1
-10336,-708,-7756,-704,891,-259,2025-01-29 10:42:10,1
-10660,-524,-7568,-560,1206,-249,2025-01-29 10:42:10,1
-10780,-252,-7952,-439,1358,-232,2025-01-29 10:42:10,1
-11144,-136,-8260,-488,1268,-152,2025-01-29 10:42:10,1
-11252,-248,-8180,-426,1044,-28,2025-01-29 10:42:10,1
-11240,-192,-8176,-369,797,18,2025-01-29 10:42:10,1
-11152,-284,-7860,-297,401,-79,2025-01-29 10:42:10,1
-11192,-548,-7660,-142,122,-106,2025-01-29 10:42:10,1
-11164,-384,-7940,37,53,-113,2025-01-29 10:42:10,1
-10812,-336,-8064,50,110,-129,2025-01-29 10:42:11,1
-10796,-104,-8104,13,231,-196,2025-01-29 10:42:11,1
-10944,-116,-7852,10,241,-152,2025-01-29 10:42:11,1
-10828,-44,-8020,-77,132,-160,2025-01-29 10:42:11,1
-10716,24,-7852,-164,195,-173,2025-01-29 10:42:11,1
-10612,-28,-7928,-239,259,-236,2025-01-29 10:42:11,1
-10716,-260,-8068,-388,444,-334,2025-01-29 10:42:11,1
-10884,-412,-7904,-419,508,-302,2025-01-29 10:42:11,1
-11024,-412,-7736,-378,444,-240,2025-01-29 10:42:11,1
-10904,-508,-7784,-368,337,-282,2025-01-29 10:42:11,1
-10940,-680,-7736,-300,269,-300,2025-01-29 10:42:11,1
-10892,-552,-7760,-279,258,-357,2025-01-29 10:42:11,1
-10896,-528,-7672,-195,270,-280,2025-01-29 10:42:11,1
-10844,-616,-7732,-174,372,-285,2025-01-29 10:42:11,1
-10784,-648,-7932,-133,459,-255,2025-01-29 10:42:11,1
-10892,-588,-7796,-104,507,-247,2025-01-29 10:42:11,1
-10920,-552,-7936,-100,536,-245,2025-01-29 10:42:11,1
-10936,-516,-8228,-63,513,-221,2025-01-29 10:42:11,1
-10928,-388,-8232,-87,452,-201,2025-01-29 10:42:11,1
-10896,-416,-8036,-70,402,-191,2025-01-29 10:42:11,1
-10828,-476,-8052,-117,395,-250,2025-01-29 10:42:11,1
-10960,-528,-7948,-135,345,-246,2025-01-29 10:42:11,1
-11028,-476,-7836,-128,332,-206,2025-01-29 10:42:11,1
-10840,-536,-8072,-143,260,-239,2025-01-29 10:42:11,1
-10804,-624,-8084,-181,242,-237,2025-01-29 10:42:11,1
-10640,-640,-8076,-224,317,-234,2025-01-29 10:42:11,1
-10700,-612,-7560,-235,606,-283,2025-01-29 10:42:11,1
-10632,-556,-7860,-183,697,-306,2025-01-29 10:42:11,1
-10484,-744,-8092,-184,654,-350,2025-01-29 10:42:11,1
-10616,-776,-8100,-185,883,-398,2025-01-29 10:42:11,1
-10536,-800,-7892,-107,1053,-436,2025-01-29 10:42:11,1
-10648,-656,-8040,-39,1019,-488,2025-01-29 10:42:11,1
-10576,-764,-8280,-13,1116,-551,2025-01-29 10:42:11,1
-10492,-724,-8064,63,1154,-520,2025-01-29 10:42:11,1
-10484,-916,-8392,128,1275,-549,2025-01-29 10:42:11,1
-10356,-1184,-8408,261,1546,-550,2025-01-29 10:42:11,1
-10412,-1432,-8240,484,1851,-578,2025-01-29 10:42:11,1
-10576,-1480,-8496,756,2079,-524,2025-01-29 10:42:11,1
-10740,-1200,-8796,930,1858,-386,2025-01-29 10:42:11,1
-10972,-984,-9056,957,1452,-154,2025-01-29 10:42:11,1
-10752,-744,-9336,878,1088,50,2025-01-29 10:42:11,1
-10700,-916,-9172,791,645,294,2025-01-29 10:42:11,1
-10120,-1092,-9544,733,235,563,2025-01-29 10:42:11,1
-9520,-1300,-9804,622,296,468,2025-01-29 10:42:11,1
-9944,-1204,-9252,467,545,369,2025-01-29 10:42:11,1
-10348,-1352,-8744,378,381,703,2025-01-29 10:42:11,1
-10076,-1172,-8980,290,-127,1276,2025-01-29 10:42:11,1
-9192,-732,-9528,238,-659,1741,2025-01-29 10:42:11,1
-7796,-460,-10068,100,-788,1940,2025-01-29 10:42:11,1
-5696,-200,-10332,-119,-845,1955,2025-01-29 10:42:11,5
-4328,-248,-10048,-240,-688,1829,2025-01-29 10:42:11,5
-2808,-944,-8284,-669,-91,1863,2025-01-29 10:42:12,5
-2456,-1372,-5032,-909,170,1841,2025-01-29 10:42:12,5
-2108,-1216,-1616,-1125,304,1801,2025-01-29 10:42:12,5
-2416,-324,1424,-1001,570,1650,2025-01-29 10:42:12,5
-3004,200,4620,-531,2121,1164,2025-01-29 10:42:12,5
-5076,292,4940,0,4709,801,2025-01-29 10:42:12,5
-7264,-148,4608,965,5151,692,2025-01-29 10:42:12,5
-8944,-484,552,1685,4191,839,2025-01-29 10:42:12,5
-9040,-312,-3480,1845,2439,1295,2025-01-29 10:42:12,5
-26296,-4472,-23696,207,1537,-1947,2025-01-29 10:42:12,5
-32768,-7840,-20948,2187,5479,252,2025-01-29 10:42:12,5
-32768,-8148,-19864,3609,17159,1773,2025-01-29 10:42:12,5
-32768,-3908,-25188,4153,32767,331,2025-01-29 10:42:12,5
-32768,988,-30316,4625,32767,-1506,2025-01-29 10:42:12,5
-28900,3392,-32768,5837,32767,-3014,2025-01-29 10:42:12,5
-16012,2640,-32768,6005,32767,-4883,2025-01-29 10:42:12,5
392,1936,-32768,5358,32767,-6290,2025-01-29 10:42:12,5
88,484,-32768,2783,21663,-8855,2025-01-29 10:42:12,5
-4208,-2144,-32768,-3505,-11242,-7696,2025-01-29 10:42:12,5
-3728,-3120,-25040,-8095,-32768,-1412,2025-01-29 10:42:12,5
2652,-3404,-16416,-8895,-32768,4740,2025-01-29 10:42:12,5
9456,-2440,-14008,-8596,-32768,9521,2025-01-29 10:42:12,5
8392,-1688,-17536,-10674,-32768,12346,2025-01-29 10:42:12,5
-2016,-1820,22968,-142,-32768,10588,2025-01-29 10:42:12,5
-12736,-4600,-26952,-1234,-32768,10442,2025-01-29 10:42:12,5
-11552,-3868,-32768,-5482,-32768,10288,2025-01-29 10:42:12,5
7400,-2932,-24344,-8572,-32768,8952,2025-01-29 10:42:12,5
32767,-3088,5124,-12047,-32768,8447,2025-01-29 10:42:12,5
32767,316,27316,-7542,-32768,3583,2025-01-29 10:42:12,5
22488,-1320,4044,-3933,-32768,-61,2025-01-29 10:42:12,5
140,-1692,-9900,-2914,-32768,31,2025-01-29 10:42:12,5
-7188,-960,-15652,-2822,-5655,1484,2025-01-29 10:42:12,5
-4112,828,-15128,-2364,12847,2540,2025-01-29 10:42:12,5
2420,2132,-9708,-1069,23365,1599,2025-01-29 10:42:12,5
6044,2224,-4940,409,32767,-475,2025-01-29 10:42:12,5
5528,876,-2532,710,32767,-2394,2025-01-29 10:42:12,5
4820,-1248,-3528,282,32767,-3874,2025-01-29 10:42:12,5
5420,-4640,5876,1527,32767,-4665,2025-01-29 10:42:12,5
2916,-2404,8616,3264,32767,-4222,2025-01-29 10:42:12,5
-476,-412,8332,4432,32767,-2897,2025-01-29 10:42:12,5
-5012,-168,-1812,2062,6220,-706,2025-01-29 10:42:12,5
-9620,1280,-2532,-1785,-1206,1169,2025-01-29 10:42:12,5
-5128,2580,1616,-2862,-1504,1820,2025-01-29 10:42:12,5
-100,672,-660,-3775,-9833,998,2025-01-29 10:42:12,5
884,-308,-1960,-4873,-16009,-419,2025-01-29 10:42:12,5
408,-776,-4516,-5677,-14321,-1331,2025-01-29 10:42:12,5
3968,-140,-2768,-6186,-14069,-620,2025-01-29 10:42:12,5
3100,500,2752,-5897,-16254,1327,2025-01-29 10:42:12,5
-4908,768,-524,-3386,503,2944,2025-01-29 10:42:12,5
-9952,988,-14160,-2127,27476,1784,2025-01-29 10:42:12,5
-16928,852,-13808,1104,32767,-1489,2025-01-29 10:42:12,5
-18648,-1788,-7092,7301,32767,-5011,2025-01-29 10:42:12,5
-21064,-5100,-29816,7345,32767,-18442,2025-01-29 10:42:12,5
-32768,2200,-22032,6956,32767,-32768,2025-01-29 10:42:12,5
-32768,-21244,-32768,-5671,32767,-882,2025-01-29 10:42:12,5
31720,-4860,-32768,4551,32767,-3699,2025-01-29 10:42:12,5
32767,3160,-32768,8434,-10446,-895,2025-01-29 10:42:12,5
7652,2232,-32768,-1314,-32768,5284,2025-01-29 10:42:12,5
-11796,3288,-27404,-5898,-32768,4699,2025-01-29 10:42:12,5
-9116,304,-5860,-9928,-32768,1801,2025-01-29 10:42:12,5
-8640,1560,-736,-14317,-32768,2253,2025-01-29 10:42:13,5
-7448,-4228,-14524,-766,9584,7039,2025-01-29 10:42:13,5
5420,-4508,1500,3454,30221,5251,2025-01-29 10:42:13,5
16832,-6124,12836,4030,-8209,2444,2025-01-29 10:42:13,5
2956,-1680,4084,2136,-32375,-686,2025-01-29 10:42:13,5
-1564,-384,-4996,1555,-18571,-3208,2025-01-29 10:42:13,5
-2980,656,-6884,859,2964,-4861,2025-01-29 10:42:13,5
-5592,944,-4180,953,17298,-4638,2025-01-29 10:42:13,5
-8184,-312,-2404,465,32131,-3185,2025-01-29 10:42:13,5
-5452,-620,-876,594,32767,-1933,2025-01-29 10:42:13,5
-6408,-1272,-4776,2021,32767,-2133,2025-01-29 10:42:13,5
-12468,-1692,-9540,1205,32767,-5289,2025-01-29 10:42:13,5
-16012,3596,-3792,-173,32767,-7727,2025-01-29 10:42:13,5
-25796,3228,-3052,798,32767,-6832,2025-01-29 10:42:13,5
-23252,-1996,-10664,1376,22203,-3541,2025-01-29 10:42:13,5
-15608,-4304,-16936,1687,4309,751,2025-01-29 10:42:13,5
-11728,-3272,-17804,895,-16008,3480,2025-01-29 10:42:13,5
-10012,-1316,-15104,-55,-32200,3408,2025-01-29 10:42:13,5
-11704,-40,-11288,-774,-32768,2699,2025-01-29 10:42:13,5
-18384,-416,5748,415,-32768,1833,2025-01-29 10:42:13,5
-6732,28,-1696,1217,-17012,1798,2025-01-29 10:42:13,5
-2440,-600,-7360,960,-7515,1789,2025-01-29 10:42:13,5
-3616,-1084,-8216,1111,4702,527,2025-01-29 10:42:13,5
-5980,-1416,-7092,1161,14812,-1544,2025-01-29 10:42:13,5
-10476,-1048,-6132,857,16837,-2051,2025-01-29 10:42:13,5
-14288,-696,-6072,838,14960,-1659,2025-01-29 10:42:13,5
-16904,-692,-6080,645,9807,-1000,2025-01-29 10:42:13,5
-18100,-836,-6736,473,2892,-188,2025-01-29 10:42:13,5
-16904,-1236,-7820,693,-5456,914,2025-01-29 10:42:13,5
-13784,-716,-7128,730,-8840,1570,2025-01-29 10:42:13,5
-10024,-300,-7624,368,-8276,1755,2025-01-29 10:42:13,5
-7884,-116,-6712,243,-4989,1163,2025-01-29 10:42:13,5
-7168,-372,-6332,-42,-631,-45,2025-01-29 10:42:13,5
-8796,-892,-5884,-135,3143,-749,2025-01-29 10:42:13,5
-11240,-1320,-5924,19,4874,-680,2025-01-29 10:42:13,5
-12964,-1204,-6296,59,4424,-668,2025-01-29 10:42:13,5
-14344,-736,-6328,-214,2110,-402,2025-01-29 10:42:13,5
-14252,-700,-5932,-294,-674,-31,2025-01-29 10:42:13,1
-13040,-728,-6220,-324,-2267,126,2025-01-29 10:42:13,1
-11772,-876,-6164,-339,-2203,180,2025-01-29 10:42:13,1
-10564,-888,-6144,-333,-954,-15,2025-01-29 10:42:13,1
-10572,-832,-6220,-337,580,-280,2025-01-29 10:42:13,1
-11500,-932,-5876,-241,1577,-243,2025-01-29 10:42:13,1
-11856,-924,-6080,-221,1439,-150,2025-01-29 10:42:13,1
-12044,-876,-6420,-354,1008,-272,2025-01-29 10:42:13,1
-12696,-720,-6096,-464,436,-280,2025-01-29 10:42:13,1
-12604,-620,-6304,-453,-201,-73,2025-01-29 10:42:13,1
-12128,-648,-6372,-399,-358,-49,2025-01-29 10:42:13,1
-11808,-676,-6064,-369,-375,-125,2025-01-29 10:42:13,1
-11744,-908,-5832,-270,-242,-155,2025-01-29 10:42:13,1
-11644,-924,-5816,-132,43,-66,2025-01-29 10:42:13,1
-11456,-1052,-6020,-83,460,-71,2025-01-29 10:42:13,1
-11704,-916,-6352,-32,718,-25,2025-01-29 10:42:13,1
-11972,-536,-6308,-80,823,6,2025-01-29 10:42:13,1
-12256,-204,-6028,-93,764,29,2025-01-29 10:42:13,1
-12096,-320,-6496,-123,179,143,2025-01-29 10:42:13,1
-11900,-316,-6668,-151,-149,170,2025-01-29 10:42:13,1
-11496,-204,-6628,-186,141,135,2025-01-29 10:42:13,1
-11528,0,-6392,-242,582,34,2025-01-29 10:42:13,1
-11828,40,-6572,-405,860,-89,2025-01-29 10:42:13,1
-11976,116,-6224,-461,838,-139,2025-01-29 10:42:13,1
-12016,812,-6560,-752,580,-232,2025-01-29 10:42:13,7
-11772,1120,-6872,-1207,357,-289,2025-01-29 10:42:14,7
-11508,1236,-6596,-1547,383,-276,2025-01-29 10:42:14,7
-11092,1424,-6620,-1791,588,-546,2025-01-29 10:42:14,7
-11000,1692,-6492,-2142,1154,-1052,2025-01-29 10:42:14,7
-11252,1516,-6240,-2580,1545,-1529,2025-01-29 10:42:14,7
-11656,1508,-6324,-2874,1641,-1829,2025-01-29 10:42:14,7
-11732,1916,-6356,-3210,1470,-2013,2025-01-29 10:42:14,7
-11544,2308,-6948,-3717,1207,-2203,2025-01-29 10:42:14,7
-11204,2124,-6892,-4286,1025,-2639,2025-01-29 10:42:14,7
-11100,1944,-6828,-4834,997,-3182,2025-01-29 10:42:14,7
-11164,1724,-7212,-5362,951,-3601,2025-01-29 10:42:14,7
-11220,1508,-7652,-5810,904,-3985,2025-01-29 10:42:14,7
-11240,1244,-7844,-6452,897,-4505,2025-01-29 10:42:14,7
-11632,1268,-8024,-6858,536,-4842,2025-01-29 10:42:14,7
-11552,1160,-7808,-7243,-28,-5048,2025-01-29 10:42:14,7
-11188,900,-8268,-7548,-634,-5417,2025-01-29 10:42:14,7
-10736,284,-8548,-7843,-979,-5671,2025-01-29 10:42:14,7
-10136,-464,-7976,-7990,-918,-5857,2025-01-29 10:42:14,7
-9760,-1168,-7588,-7927,-469,-6005,2025-01-29 10:42:14,7
-9752,-1668,-7532,-7814,248,-5949,2025-01-29 10:42:14,7
-9920,-2000,-7744,-7895,1497,-5874,2025-01-29 10:42:14,7
-10724,-2360,-7940,-8029,3425,-5780,2025-01-29 10:42:14,7
-11828,-2276,-8308,-8235,3987,-6090,2025-01-29 10:42:14,7
-12984,-2236,-8396,-8487,3321,-6433,2025-01-29 10:42:14,7
-13596,-1936,-8176,-8785,1796,-6673,2025-01-29 10:42:14,7
-13248,-1584,-7888,-9238,-190,-7174,2025-01-29 10:42:14,7
-12300,-1428,-7940,-9781,-1203,-8032,2025-01-29 10:42:14,7
-11504,-1460,-7892,-10302,-1382,-8633,2025-01-29 10:42:14,7
-10924,-1588,-8020,-10755,-1303,-8974,2025-01-29 10:42:14,7
-10220,-1868,-7808,-11201,-1266,-9204,2025-01-29 10:42:14,7
-9784,-2220,-7896,-11476,-1192,-9410,2025-01-29 10:42:14,7
-9636,-2588,-7668,-11687,-1013,-9386,2025-01-29 10:42:14,7
-9784,-2800,-7340,-11905,-633,-9286,2025-01-29 10:42:14,7
-9940,-2920,-7332,-12144,-269,-9108,2025-01-29 10:42:14,7
-10060,-3024,-7380,-12326,-45,-8957,2025-01-29 10:42:14,7
-10668,-3068,-6976,-12430,79,-8671,2025-01-29 10:42:14,7
-11212,-3344,-7164,-12425,-111,-8077,2025-01-29 10:42:14,7
-11140,-3548,-7092,-12517,-266,-7649,2025-01-29 10:42:14,7
-11060,-3836,-7404,-12633,-125,-7298,2025-01-29 10:42:14,7
-11264,-3876,-7680,-12753,-103,-6710,2025-01-29 10:42:14,7
-11044,-3576,-7948,-12744,270,-6328,2025-01-29 10:42:14,7
-10612,-3472,-8292,-12855,612,-6433,2025-01-29 10:42:14,7
-10724,-3220,-8428,-12868,521,-6552,2025-01-29 10:42:14,7
-11048,-3216,-7944,-12841,408,-6569,2025-01-29 10:42:14,7
-11108,-3024,-7424,-12534,510,-6451,2025-01-29 10:42:14,7
-10728,-2948,-7724,-12344,555,-6648,2025-01-29 10:42:14,7
-10788,-2932,-8044,-12481,279,-7092,2025-01-29 10:42:14,7
-11372,-3536,-8020,-12633,-211,-7504,2025-01-29 10:42:14,7
-11580,-3476,-8100,-12955,-783,-7667,2025-01-29 10:42:14,7
-11484,-2788,-8148,-13528,-1466,-7593,2025-01-29 10:42:14,7
-11072,-2204,-7600,-14354,-2233,-7488,2025-01-29 10:42:14,7
-10652,-1980,-7612,-15388,-2836,-7156,2025-01-29 10:42:14,7
-9812,-1488,-8168,-16467,-2666,-7247,2025-01-29 10:42:14,7
-9796,-1320,-8572,-17259,-2130,-7573,2025-01-29 10:42:14,7
-9772,-1960,-9200,-17538,-1780,-8033,2025-01-29 10:42:14,7
-10048,-2304,-9540,-16904,-1675,-8377,2025-01-29 10:42:14,7
-9828,-2904,-9416,-16029,-1012,-8924,2025-01-29 10:42:14,7
-9828,-3516,-9316,-15342,-66,-9524,2025-01-29 10:42:14,7
-10136,-2640,-9280,-15059,592,-9465,2025-01-29 10:42:14,7
-9936,-1048,-9360,-15351,1044,-8937,2025-01-29 10:42:14,7
-9724,684,-9264,-15740,1823,-8288,2025-01-29 10:42:14,7
-9168,1348,-9248,-16152,3128,-8390,2025-01-29 10:42:15,7
-9316,800,-9076,-16321,3945,-9367,2025-01-29 10:42:15,7
-10620,56,-8696,-16291,4063,-10680,2025-01-29 10:42:15,7
-12608,-280,-8520,-16102,3071,-11034,2025-01-29 10:42:15,7
-14596,492,-8760,-16161,837,-10083,2025-01-29 10:42:15,7
-14732,1208,-8968,-16420,-1855,-8598,2025-01-29 10:42:15,7
-13144,2228,-8992,-16839,-4145,-7396,2025-01-29 10:42:15,7
-11616,2184,-8468,-17159,-4440,-7168,2025-01-29 10:42:15,7
-10652,932,-7424,-17245,-3363,-7275,2025-01-29 10:42:15,7
-9884,-252,-6752,-16799,-1820,-7389,2025-01-29 10:42:15,7
-9520,-1048,-5968,-16196,-729,-7585,2025-01-29 10:42:15,7
-9844,-1144,-5584,-15390,203,-7697,2025-01-29 10:42:15,7
-10176,-660,-5892,-14618,834,-7706,2025-01-29 10:42:15,7
-10840,216,-6644,-13783,1483,-7601,2025-01-29 10:42:15,7
-11668,1160,-6776,-13144,2027,-7299,2025-01-29 10:42:15,7
-11676,1344,-7180,-12781,1895,-7170,2025-01-29 10:42:15,7
-11492,992,-7284,-12601,1056,-7324,2025-01-29 10:42:15,7
-11172,840,-6900,-12309,-512,-7528,2025-01-29 10:42:15,7
-11040,1040,-6816,-12108,-802,-7371,2025-01-29 10:42:15,7
-10656,1096,-6472,-11875,-405,-7318,2025-01-29 10:42:15,7
-10596,1240,-6424,-11720,77,-7454,2025-01-29 10:42:15,7
-10756,1336,-6536,-11624,175,-7604,2025-01-29 10:42:15,7
-10360,1260,-7076,-11633,-174,-7683,2025-01-29 10:42:15,7
-10096,1120,-7296,-11565,8,-7678,2025-01-29 10:42:15,7
-9748,1196,-6700,-11250,913,-7625,2025-01-29 10:42:15,7
-9656,1216,-6364,-10974,2015,-7705,2025-01-29 10:42:15,7
-10424,868,-6540,-10752,3117,-7842,2025-01-29 10:42:15,7
-11464,536,-7084,-10424,3922,-7795,2025-01-29 10:42:15,7
-12188,176,-7276,-10177,4036,-7497,2025-01-29 10:42:15,7
-12892,116,-7260,-9896,3233,-7053,2025-01-29 10:42:15,7
-12704,140,-6980,-9146,611,-6311,2025-01-29 10:42:15,7
-12316,232,-6772,-8806,-96,-5974,2025-01-29 10:42:15,7
-11788,-4,-6400,-8500,-170,-5658,2025-01-29 10:42:15,7
-11488,-28,-5768,-8054,-62,-5321,2025-01-29 10:42:15,7
-11328,-96,-5624,-7501,177,-4847,2025-01-29 10:42:15,7
-11132,-16,-5372,-6900,567,-4400,2025-01-29 10:42:15,7
-11372,380,-5484,-6183,1281,-4119,2025-01-29 10:42:15,7
-11636,408,-5440,-5544,1881,-3910,2025-01-29 10:42:15,7
-12344,600,-5268,-4933,2010,-3729,2025-01-29 10:42:15,7
-12616,392,-6276,-4523,1589,-3429,2025-01-29 10:42:15,7
-13100,220,-6284,-4039,1343,-3062,2025-01-29 10:42:15,7
-13168,-76,-6532,-3708,1078,-2806,2025-01-29 10:42:15,7
-13300,64,-6320,-3520,596,-2562,2025-01-29 10:42:15,7
-13104,432,-5308,-3196,-155,-2307,2025-01-29 10:42:15,7
-12304,592,-5168,-2617,-692,-2087,2025-01-29 10:42:15,7
-11560,808,-5480,-2074,-605,-2218,2025-01-29 10:42:15,7
-11248,1252,-5644,-1619,-254,-2275,2025-01-29 10:42:15,7
-11012,1504,-6756,-1603,459,-2220,2025-01-29 10:42:15,7
-10804,1512,-7052,-1603,1145,-2404,2025-01-29 10:42:15,7
-10648,1124,-7180,-1409,1233,-2936,2025-01-29 10:42:15,7
-10692,840,-8036,-1212,643,-3378,2025-01-29 10:42:15,1
-11056,268,-9176,-1638,-111,-3582,2025-01-29 10:42:15,1
-11356,256,-8388,-2069,29,-3479,2025-01-29 10:42:15,1
-11644,616,-9124,-2090,381,-3670,2025-01-29 10:42:15,1
-12112,1376,-10472,-2215,662,-4027,2025-01-29 10:42:15,1
-12232,1708,-10432,-2312,72,-4841,2025-01-29 10:42:15,1
-11652,1480,-8840,-2181,-2020,-6419,2025-01-29 10:42:15,1
-11776,300,-8156,-2497,-4452,-7545,2025-01-29 10:42:15,1
-10800,-1268,-7088,-2855,-5419,-7697,2025-01-29 10:42:15,1
-9564,-2832,-6668,-2837,-5149,-7452,2025-01-29 10:42:15,1
-8396,-4264,-6404,-2936,-3394,-7083,2025-01-29 10:42:15,1
-8332,-4932,-5076,-2862,-297,-6641,2025-01-29 10:42:15,1
-9268,-4608,-4120,-2286,3126,-5797,2025-01-29 10:42:16,1
-10240,-3612,-4752,-1903,5255,-5227,2025-01-29 10:42:16,1
-11376,-2984,-5896,-1581,5799,-5793,2025-01-29 10:42:16,1
-13192,-2892,-7256,-1442,5713,-6059,2025-01-29 10:42:16,1
-14144,-3196,-7588,-1326,3904,-5788,2025-01-29 10:42:16,1
-14396,-3312,-7048,-1200,935,-5068,2025-01-29 10:42:16,1
-13484,-3032,-6300,-1234,-1468,-4062,2025-01-29 10:42:16,1
-11568,-3064,-6496,-1323,-2827,-3400,2025-01-29 10:42:16,1
-10116,-3188,-6192,-1382,-2525,-3023,2025-01-29 10:42:16,1
-9352,-3064,-6196,-1487,-1059,-2628,2025-01-29 10:42:16,1
-9132,-3032,-5948,-1756,710,-2311,2025-01-29 10:42:16,1
-9260,-3360,-5952,-2016,2235,-2090,2025-01-29 10:42:16,1
-10080,-3828,-5844,-2041,2635,-1847,2025-01-29 10:42:16,1
-11008,-4140,-5476,-1851,2618,-1449,2025-01-29 10:42:16,1
-11664,-3884,-5532,-1885,2155,-858,2025-01-29 10:42:16,1
-12016,-3008,-5400,-1911,1283,-117,2025-01-29 10:42:16,1
-11476,-2388,-5652,-2038,712,541,2025-01-29 10:42:16,1
-10328,-2424,-5908,-2358,1002,613,2025-01-29 10:42:16,1
-10356,-2768,-5556,-2597,1883,503,2025-01-29 10:42:16,1
-10852,-3592,-5256,-2445,2895,373,2025-01-29 10:42:16,1
-11500,-3864,-5880,-2164,3290,260,2025-01-29 10:42:16,1
-12452,-3256,-6680,-2138,3232,185,2025-01-29 10:42:16,1
-12948,-2836,-7644,-2363,2790,152,2025-01-29 10:42:16,1
-13732,-1640,-8092,-2634,2171,-47,2025-01-29 10:42:16,1
-14760,-1292,-7620,-3191,1249,-314,2025-01-29 10:42:16,1
-14444,-2948,-6160,-3321,274,-908,2025-01-29 10:42:16,1
-14488,-4760,-5796,-3329,-885,-1527,2025-01-29 10:42:16,1
-15040,-4288,-4920,-3138,-1318,-905,2025-01-29 10:42:16,1
-13916,-2284,-5396,-3022,-939,-464,2025-01-29 10:42:16,1
-12848,-1396,-7744,-2912,-319,-1025,2025-01-29 10:42:16,1
-13612,-2976,-9244,-2889,1954,-1430,2025-01-29 10:42:16,1
-13436,-5412,-9120,-1769,3132,-2001,2025-01-29 10:42:16,1
-14020,-8280,-9832,453,3232,-2755,2025-01-29 10:42:16,1
-15980,-8812,-9360,3038,215,-1730,2025-01-29 10:42:16,1
-17036,-8408,-9316,4501,-4067,2069,2025-01-29 10:42:16,1
-12548,-6172,-10060,5334,-6414,5454,2025-01-29 10:42:16,1
-7624,-2756,-11724,5399,-8031,6233,2025-01-29 10:42:16,1
-5608,552,-12660,4153,-8215,6338,2025-01-29 10:42:16,1
-3280,4012,-12532,2016,-6449,6083,2025-01-29 10:42:16,1
-2100,5844,-11996,-109,-2218,4940,2025-01-29 10:42:16,1
-2448,5640,-11348,-1717,3671,3019,2025-01-29 10:42:16,1
-4348,1608,-10536,-2877,8748,87,2025-01-29 10:42:16,1
-8436,-1024,-8360,-2785,11038,-1494,2025-01-29 10:42:16,1
-12496,-2992,-7212,-1572,11139,-1905,2025-01-29 10:42:16,1
-16264,-3620,-7364,-497,8430,-516,2025-01-29 10:42:16,1
-18428,-3544,-8736,216,2202,3226,2025-01-29 10:42:16,1
-15524,-2936,-9080,765,-4116,6236,2025-01-29 10:42:16,1
-11552,-2032,-8392,1050,-7125,6697,2025-01-29 10:42:16,1
-7932,-1308,-8024,1825,-7441,5843,2025-01-29 10:42:16,1
-6932,-1040,-6284,2829,-5992,5036,2025-01-29 10:42:16,1
-6824,-272,-5780,3353,-3065,4950,2025-01-29 10:42:16,1
-7224,756,-6812,3474,1232,5247,2025-01-29 10:42:16,1
-8124,1344,-7436,2968,4404,5000,2025-01-29 10:42:16,1
-9432,1596,-7580,2380,5012,4194,2025-01-29 10:42:16,1
-10892,1408,-6836,2231,3247,3314,2025-01-29 10:42:16,1
-11920,736,-6768,2378,-45,2818,2025-01-29 10:42:16,1
-11128,824,-6548,2462,-2542,2553,2025-01-29 10:42:16,1
-9940,1408,-6364,2434,-3811,1949,2025-01-29 10:42:16,1
-8840,1788,-6168,2156,-4195,1148,2025-01-29 10:42:16,1
-8504,2144,-6232,1421,-3619,346,2025-01-29 10:42:16,1
-8452,1792,-5700,835,-2554,-257,2025-01-29 10:42:16,1
-8556,896,-6232,649,-1297,-917,2025-01-29 10:42:17,1
-9552,480,-6292,668,-628,-1548,2025-01-29 10:42:17,1
-10948,396,-6240,716,-231,-1940,2025-01-29 10:42:17,1
-11792,504,-6060,709,-370,-1857,2025-01-29 10:42:17,1
-12268,272,-6140,641,-890,-1575,2025-01-29 10:42:17,1
-12824,-200,-5424,683,-1084,-945,2025-01-29 10:42:17,1
-12656,-644,-5636,988,-582,-19,2025-01-29 10:42:17,1
-13928,-1220,-6156,1248,877,1153,2025-01-29 10:42:17,1
-14300,-2120,-6100,1689,2237,1764,2025-01-29 10:42:17,1
-15644,-1572,-5652,2606,2522,1778,2025-01-29 10:42:17,1
-16528,884,-6356,3258,1226,2116,2025-01-29 10:42:17,1
-16224,2532,-7516,3123,-263,2539,2025-01-29 10:42:17,1
-15308,2108,-9168,2347,-316,2369,2025-01-29 10:42:17,1
-15536,984,-10584,1031,1096,1864,2025-01-29 10:42:17,1
-16884,1640,-12032,111,2367,2756,2025-01-29 10:42:17,1
-16584,2664,-13244,-1204,2075,3520,2025-01-29 10:42:17,1
-15328,3768,-13676,-2731,-205,3625,2025-01-29 10:42:17,1
-11704,4176,-11996,-3764,-4744,2727,2025-01-29 10:42:17,1
-7876,2844,-9564,-3843,-9053,736,2025-01-29 10:42:17,1
-5488,-640,-7012,-2928,-9583,-1250,2025-01-29 10:42:17,1
-4000,-4060,-6580,-1319,-7198,-2052,2025-01-29 10:42:17,1
-4140,-6468,-6932,561,-2801,-2267,2025-01-29 10:42:17,1
-5244,-6728,-8272,1728,2510,-2089,2025-01-29 10:42:17,1
-7352,-3920,-8328,2320,5896,-1548,2025-01-29 10:42:17,1
-9892,-260,-8960,2487,7125,-1409,2025-01-29 10:42:17,1
-11860,2352,-8964,1180,5383,-1512,2025-01-29 10:42:17,1
-11996,2552,-9116,-608,1550,-2354,2025-01-29 10:42:17,1
-11948,788,-9224,-1371,-1708,-3688,2025-01-29 10:42:17,1
-12344,-764,-8244,-1330,-3793,-4208,2025-01-29 10:42:17,1
-11400,-1684,-8004,-1239,-5560,-3970,2025-01-29 10:42:17,1
-10064,-2052,-7528,-1425,-6704,-3408,2025-01-29 10:42:17,1
-8196,-1532,-6508,-1477,-6054,-2982,2025-01-29 10:42:17,1
-7304,-1476,-5748,-1826,-3029,-3507,2025-01-29 10:42:17,1
-7596,-1968,-5768,-2088,492,-4077,2025-01-29 10:42:17,1
-9152,-1956,-5112,-1951,2612,-4029,2025-01-29 10:42:17,1
-10340,-2080,-5040,-1962,3017,-3900,2025-01-29 10:42:17,1
-11220,-2268,-5152,-1887,2732,-3729,2025-01-29 10:42:17,1
-11712,-2448,-5520,-1944,2532,-3505,2025-01-29 10:42:17,1
-11968,-2672,-5364,-2081,1928,-3230,2025-01-29 10:42:17,1
-12288,-2360,-4836,-2036,1207,-2636,2025-01-29 10:42:17,1
-12312,-1824,-6952,-2140,925,-2145,2025-01-29 10:42:17,1
-11416,-1340,-5196,-2597,308,-1909,2025-01-29 10:42:17,1
-11828,-1352,-5388,-2895,302,-1683,2025-01-29 10:42:17,1
-11280,-1704,-5924,-3339,414,-1533,2025-01-29 10:42:17,1
-10704,-1964,-6256,-3577,285,-1732,2025-01-29 10:42:17,1
-10336,-1852,-6528,-3705,350,-2212,2025-01-29 10:42:17,1
-9944,-1500,-7316,-3790,199,-2840,2025-01-29 10:42:17,1
-10684,-1508,-6372,-3640,781,-3422,2025-01-29 10:42:17,1
-11644,-2060,-5268,-3313,1718,-4177,2025-01-29 10:42:17,1
-13320,-2840,-5100,-3230,1759,-4768,2025-01-29 10:42:17,1
-15308,-3788,-5652,-3571,1070,-4819,2025-01-29 10:42:17,1
-17632,-4868,-6752,-3746,-758,-3631,2025-01-29 10:42:17,1
-18244,-5536,-8192,-2985,-1614,-1923,2025-01-29 10:42:17,1
-16908,-5516,-8176,-977,-3986,-1439,2025-01-29 10:42:17,1
-15984,-6544,-8252,2095,-6811,-1556,2025-01-29 10:42:17,1
-14560,-6704,-9508,4920,-8062,-1541,2025-01-29 10:42:17,1
-14524,-4128,-10272,5109,-7801,-229,2025-01-29 10:42:17,1
-12516,-376,-11432,4216,-7128,1767,2025-01-29 10:42:17,1
-10328,2268,-13124,1873,-5733,2935,2025-01-29 10:42:17,1
-7820,4408,-13040,-517,-2860,2838,2025-01-29 10:42:17,1
-6824,4936,-11716,-2397,751,1491,2025-01-29 10:42:18,1
-7260,3328,-11748,-3916,3833,-211,2025-01-29 10:42:18,1
-10320,736,-10172,-5064,5787,-513,2025-01-29 10:42:18,1
-12764,-1888,-7620,-4710,6225,686,2025-01-29 10:42:18,1
-13424,-3400,-6016,-3568,3824,1696,2025-01-29 10:42:18,1
-12640,-3616,-5776,-2188,133,2706,2025-01-29 10:42:18,1
-10064,-2988,-6452,-1143,-1941,3088,2025-01-29 10:42:18,1
-8616,-1904,-5856,-350,-2049,3348,2025-01-29 10:42:18,1
-7544,-684,-5340,357,-748,3612,2025-01-29 10:42:18,1
-6700,216,-5240,732,1514,3432,2025-01-29 10:42:18,1
-7012,1104,-5236,918,3737,2619,2025-01-29 10:42:18,1
-7932,1432,-6196,857,5054,1834,2025-01-29 10:42:18,1
-9716,1308,-6848,532,5407,1302,2025-01-29 10:42:18,1
-11116,1044,-7324,-131,4689,1193,2025-01-29 10:42:18,1
-11736,1116,-6884,-428,2961,1076,2025-01-29 10:42:18,1
-12016,1392,-6808,-744,1070,720,2025-01-29 10:42:18,1
-11336,1336,-6776,-798,-256,87,2025-01-29 10:42:18,1
-10980,860,-6108,-581,-666,-525,2025-01-29 10:42:18,1
-10344,-260,-6204,-137,-708,-963,2025-01-29 10:42:18,1
-10648,-1576,-5036,129,-297,-1046,2025-01-29 10:42:18,1
-11040,-1904,-4040,819,245,-980,2025-01-29 10:42:18,1
-10976,-1036,-4184,1447,937,-804,2025-01-29 10:42:18,1
-11572,-348,-4816,1970,1083,-511,2025-01-29 10:42:18,1
-11792,244,-5508,2332,1263,-42,2025-01-29 10:42:18,1
-11704,304,-5700,2808,1139,411,2025-01-29 10:42:18,1
-11704,-440,-5676,3385,1194,826,2025-01-29 10:42:18,1
-11356,-972,-5924,4093,1551,1005,2025-01-29 10:42:18,1
-11988,-1560,-5700,4922,2100,1291,2025-01-29 10:42:18,1
-12756,-1504,-5660,5458,2224,1757,2025-01-29 10:42:18,1
-13076,-868,-6480,5659,1748,2315,2025-01-29 10:42:18,1
-13476,516,-7552,5297,1157,2992,2025-01-29 10:42:18,1
-14304,1412,-7744,4571,840,3895,2025-01-29 10:42:18,1
-15272,1704,-6304,4086,614,4767,2025-01-29 10:42:18,1
-15028,1276,-5580,3807,8,5351,2025-01-29 10:42:18,1
-14440,216,-5896,3638,-661,5734,2025-01-29 10:42:18,1
-12964,-420,-7164,3618,-795,6049,2025-01-29 10:42:18,1
-12036,452,-8880,3411,332,5944,2025-01-29 10:42:18,1
-12448,1588,-9912,2886,2527,5861,2025-01-29 10:42:18,1
-12804,1816,-11344,1862,4130,5376,2025-01-29 10:42:18,1
-13684,1876,-12648,760,3947,4621,2025-01-29 10:42:18,1
-14032,1912,-14108,-327,2067,4261,2025-01-29 10:42:18,1
-12944,1596,-12696,-980,-1242,3687,2025-01-29 10:42:18,1
-10620,928,-10332,-684,-4490,2439,2025-01-29 10:42:18,1
-8284,-572,-8068,261,-6492,987,2025-01-29 10:42:18,1
-5812,-2384,-6808,1358,-6696,-214,2025-01-29 10:42:18,1
-4940,-3680,-5640,2594,-5249,-1011,2025-01-29 10:42:18,1
-5556,-3824,-5940,3536,-924,-1336,2025-01-29 10:42:18,1
-6836,-2024,-8460,3658,3472,-1516,2025-01-29 10:42:18,1
-9032,-524,-9640,2759,6281,-2064,2025-01-29 10:42:18,1
-11656,172,-9164,1892,7062,-2356,2025-01-29 10:42:18,1
-13148,-276,-9132,1146,5109,-2637,2025-01-29 10:42:18,1
-13912,-884,-9496,637,1118,-2771,2025-01-29 10:42:18,1
-13904,-1368,-9008,450,-2737,-2461,2025-01-29 10:42:18,1
-12208,-1552,-8408,515,-4460,-2200,2025-01-29 10:42:18,1
-10316,-1456,-7592,463,-4714,-2321,2025-01-29 10:42:18,1
-8416,-1464,-6908,420,-3966,-2464,2025-01-29 10:42:18,1
-7420,-1476,-6344,263,-2400,-2850,2025-01-29 10:42:18,1
-7448,-2052,-5812,170,-204,-3258,2025-01-29 10:42:18,1
-8592,-2156,-5576,336,2286,-2989,2025-01-29 10:42:18,1
-9404,-2360,-5820,228,3962,-2862,2025-01-29 10:42:18,1
-10552,-2312,-5848,134,4336,-3040,2025-01-29 10:42:18,1
-11800,-2228,-6260,124,3497,-2848,2025-01-29 10:42:18,1
-12348,-1796,-6268,-27,2183,-2446,2025-01-29 10:42:19,1
-12264,-1088,-6396,-320,1182,-2121,2025-01-29 10:42:19,1
-11916,-632,-6584,-855,530,-1928,2025-01-29 10:42:19,1
-11560,-552,-6516,-1568,-31,-1862,2025-01-29 10:42:19,1
-11320,-736,-6472,-2110,-315,-1693,2025-01-29 10:42:19,1
-10968,-1052,-6680,-2560,-42,-1557,2025-01-29 10:42:19,1
-10864,-1180,-6128,-2983,542,-1435,2025-01-29 10:42:19,1
-10788,-1920,-6520,-3340,642,-1249,2025-01-29 10:42:19,1
-10936,-2476,-6444,-3510,845,-1415,2025-01-29 10:42:19,1
-11656,-2764,-6664,-3640,945,-1748,2025-01-29 10:42:19,1
-12380,-2360,-6808,-3614,513,-1903,2025-01-29 10:42:19,1
-12744,-1528,-6708,-3649,-521,-2153,2025-01-29 10:42:19,1
-13088,-1412,-6280,-3717,-1613,-2151,2025-01-29 10:42:19,1
-12504,-2084,-6236,-3647,-2468,-2115,2025-01-29 10:42:19,1
-12040,-2572,-6044,-3630,-2862,-2517,2025-01-29 10:42:19,1
-11944,-2636,-5356,-3804,-3057,-3110,2025-01-29 10:42:19,1
-11708,-2432,-5924,-3570,-3413,-3689,2025-01-29 10:42:19,1
-12348,-1948,-7612,-3287,-2759,-4239,2025-01-29 10:42:19,1
-13312,-2248,-8136,-3103,-1490,-4511,2025-01-29 10:42:19,1
-14152,-4184,-8712,-2588,-876,-4903,2025-01-29 10:42:19,1
-15760,-6256,-9796,-1340,-1700,-4507,2025-01-29 10:42:19,1
-17308,-7512,-10640,61,-3570,-2115,2025-01-29 10:42:19,1
-16280,-7592,-10340,1483,-4985,1007,2025-01-29 10:42:19,1
-12872,-5828,-11060,2060,-5331,2021,2025-01-29 10:42:19,1
-11132,-2480,-10824,1264,-5247,2701,2025-01-29 10:42:19,1
-9676,504,-10280,119,-4616,3828,2025-01-29 10:42:19,1
-7412,3112,-9548,-1004,-3891,4773,2025-01-29 10:42:19,1
-5152,4428,-8656,-2115,-2081,4387,2025-01-29 10:42:19,1
-3596,4068,-7580,-2590,1205,2049,2025-01-29 10:42:19,1
-5364,1552,-7608,-2369,5351,-901,2025-01-29 10:42:19,1
-10036,-108,-7908,-2327,8160,-1104,2025-01-29 10:42:19,1
-12840,-1600,-7952,-2204,8437,-108,2025-01-29 10:42:19,1
-14464,-2244,-7720,-1980,5974,1061,2025-01-29 10:42:19,1
-14828,-2056,-7356,-1395,2122,2298,2025-01-29 10:42:19,1
-13108,-1240,-7416,-818,-1731,2738,2025-01-29 10:42:19,1
-11068,-612,-7380,-502,-3172,2819,2025-01-29 10:42:19,1
-9136,-232,-6348,-60,-3108,2668,2025-01-29 10:42:19,1
-7428,-40,-5984,331,-1911,2112,2025-01-29 10:42:19,1
-7392,240,-5464,702,778,1517,2025-01-29 10:42:19,1
-7592,492,-5544,1022,3492,1025,2025-01-29 10:42:19,1
-9024,816,-5796,1189,5317,711,2025-01-29 10:42:19,1
-11264,1140,-5772,1381,5630,577,2025-01-29 10:42:19,1
-12616,932,-5728,1593,4270,435,2025-01-29 10:42:19,1
-13280,324,-6212,2068,1784,550,2025-01-29 10:42:19,1
-13024,32,-6808,2403,83,782,2025-01-29 10:42:19,1
-12312,-112,-6944,2586,-597,807,2025-01-29 10:42:19,1
-12308,-400,-6436,2863,-511,940,2025-01-29 10:42:19,1
-12644,-680,-5436,3256,-128,1243,2025-01-29 10:42:19,1
-12824,-976,-5484,3586,-191,1584,2025-01-29 10:42:19,1
-12292,-1220,-5260,4155,-841,1656,2025-01-29 10:42:19,1
-11960,-652,-5252,4903,-1875,1490,2025-01-29 10:42:19,1
-11520,120,-5852,5449,-2424,1424,2025-01-29 10:42:19,1
-10492,504,-7120,5594,-2216,1221,2025-01-29 10:42:19,1
-9264,84,-6696,5580,-1817,25,2025-01-29 10:42:19,1
-10424,-676,-6788,5605,-1098,-713,2025-01-29 10:42:19,1
-11772,-2004,-8860,5454,340,-336,2025-01-29 10:42:19,1
-13048,-1712,-11768,5071,2561,424,2025-01-29 10:42:19,1
-14236,-988,-14444,4269,3680,1646,2025-01-29 10:42:19,1
-13956,-460,-13976,2748,2592,2894,2025-01-29 10:42:19,1
-11612,-528,-10076,2110,-246,2730,2025-01-29 10:42:20,1
-9512,-504,-9040,2488,-2983,1448,2025-01-29 10:42:20,1
-8508,-772,-8688,2555,-3439,857,2025-01-29 10:42:20,1
-7052,-1540,-7992,2466,-2480,533,2025-01-29 10:42:20,1
-6604,-2732,-7356,2195,-653,156,2025-01-29 10:42:20,1
-7192,-3124,-6992,2229,1628,-26,2025-01-29 10:42:20,1
-8888,-2292,-7940,2074,3545,40,2025-01-29 10:42:20,1
-10812,-1584,-8560,1376,4004,365,2025-01-29 10:42:20,1
-11552,-1752,-8656,884,2785,696,2025-01-29 10:42:20,1
-11700,-2224,-8212,645,1064,922,2025-01-29 10:42:20,1
-10668,-3164,-7728,415,-2,1078,2025-01-29 10:42:20,1
-9480,-4088,-7828,407,359,908,2025-01-29 10:42:20,1
-8844,-3868,-8232,742,2178,924,2025-01-29 10:42:20,1
-8300,-2876,-9216,970,4015,671,2025-01-29 10:42:20,1
-9220,-1948,-9896,895,5124,95,2025-01-29 10:42:20,1
-10876,-1632,-9968,1023,5653,-212,2025-01-29 10:42:20,1
-11892,-1444,-9468,1303,5144,-492,2025-01-29 10:42:20,1
-12776,-1180,-8696,1478,1677,-478,2025-01-29 10:42:20,1
-12240,-836,-7980,888,-1519,228,2025-01-29 10:42:20,1
-9964,-1000,-7724,-113,-1957,585,2025-01-29 10:42:20,1
-8608,-1828,-7304,-990,-676,458,2025-01-29 10:42:20,1
-8436,-2820,-7328,-849,2025,393,2025-01-29 10:42:20,1
-9144,-3028,-7772,-340,4555,212,2025-01-29 10:42:20,1
-10624,-2540,-8056,111,5748,-180,2025-01-29 10:42:20,1
-12632,-1656,-8732,421,5322,-178,2025-01-29 10:42:20,1
-13428,-972,-9524,286,3248,170,2025-01-29 10:42:20,1
-12836,-776,-9628,-46,-11,144,2025-01-29 10:42:20,1
-12020,-1228,-9516,-359,-2088,-42,2025-01-29 10:42:20,1
-10228,-1696,-8596,-514,-2656,84,2025-01-29 10:42:20,1
-8836,-2004,-8084,-516,-1870,-49,2025-01-29 10:42:20,1
-8272,-2088,-7604,-350,322,-189,2025-01-29 10:42:20,1
-8708,-1596,-7744,-171,2467,-262,2025-01-29 10:42:20,1
-10112,-1108,-8220,-165,3524,-244,2025-01-29 10:42:20,1
-11560,-1056,-8500,-379,3078,-143,2025-01-29 10:42:20,1
-12476,-1160,-8592,-474,1761,79,2025-01-29 10:42:20,1
-12080,-1048,-8600,-518,192,174,2025-01-29 10:42:20,1
-11356,-852,-8644,-719,-880,67,2025-01-29 10:42:20,1
-10396,-808,-8628,-893,-1130,-44,2025-01-29 10:42:20,1
-9716,-824,-8528,-1020,-458,-137,2025-01-29 10:42:20,1
-9432,-1100,-8480,-1089,371,-178,2025-01-29 10:42:20,1
-9636,-1352,-8448,-1047,1032,-301,2025-01-29 10:42:20,1
-10216,-1452,-8044,-965,1388,-408,2025-01-29 10:42:20,1
-10888,-1496,-8356,-787,1206,-360,2025-01-29 10:42:20,1
-11108,-1568,-8656,-638,646,-287,2025-01-29 10:42:20,1
-10968,-1336,-8968,-600,219,-286,2025-01-29 10:42:20,1
-10752,-1176,-8948,-687,-44,-273,2025-01-29 10:42:20,1
-10252,-1016,-8544,-727,-151,-265,2025-01-29 10:42:20,1
-10184,-844,-8448,-799,-65,-310,2025-01-29 10:42:20,1
-10012,-960,-8484,-839,139,-289,2025-01-29 10:42:20,1
-10156,-1180,-8260,-809,340,-195,2025-01-29 10:42:20,1
-10200,-1192,-8404,-644,554,-178,2025-01-29 10:42:20,1
-10576,-1228,-8164,-493,702,-273,2025-01-29 10:42:20,1
-10740,-1200,-8200,-366,531,-142,2025-01-29 10:42:20,1
-10728,-1204,-8564,-323,233,-87,2025-01-29 10:42:20,1
-10544,-1064,-8640,-282,133,-103,2025-01-29 10:42:20,1
-10380,-820,-8520,-247,146,-83,2025-01-29 10:42:20,1
-10268,-796,-8768,-213,328,-28,2025-01-29 10:42:20,1
-10332,-828,-8836,-116,527,-37,2025-01-29 10:42:20,1
-10536,-992,-8508,-139,666,-55,2025-01-29 10:42:20,1
-10700,-1100,-8416,8,511,14,2025-01-29 10:42:20,1
-10644,-1152,-8700,42,257,56,2025-01-29 10:42:20,1
-10568,-904,-8424,23,31,84,2025-01-29 10:42:20,1
-10248,-812,-8444,16,12,49,2025-01-29 10:42:20,1
-10200,-656,-8552,-17,219,-59,2025-01-29 10:42:21,1
-10184,-760,-8392,-45,461,-157,2025-01-29 10:42:21,1
-10432,-940,-8412,-48,563,-193,2025-01-29 10:42:21,1
-10520,-940,-8472,-12,501,-167,2025-01-29 10:42:21,1
-10636,-940,-8588,-93,356,-135,2025-01-29 10:42:21,1
-10624,-912,-8580,-132,219,-128,2025-01-29 10:42:21,1
-10524,-864,-8644,-163,104,-195,2025-01-29 10:42:21,1
-10484,-980,-8816,-223,32,-200,2025-01-29 10:42:21,1
-10324,-932,-8636,-234,61,-203,2025-01-29 10:42:21,1
-10248,-880,-8696,-218,190,-241,2025-01-29 10:42:21,1
-10372,-856,-8784,-310,267,-295,2025-01-29 10:42:21,1
-10492,-924,-8468,-386,322,-323,2025-01-29 10:42:21,1
-10552,-1084,-8300,-388,238,-294,2025-01-29 10:42:21,1
-10352,-964,-8508,-384,141,-261,2025-01-29 10:42:21,1
-10388,-996,-8664,-415,145,-268,2025-01-29 10:42:21,1
-10292,-920,-8496,-411,223,-275,2025-01-29 10:42:21,1
-10284,-1012,-8780,-365,315,-347,2025-01-29 10:42:21,1
-10348,-928,-8512,-376,374,-383,2025-01-29 10:42:21,1
-10536,-1116,-8404,-357,391,-374,2025-01-29 10:42:21,1
-10576,-1128,-8552,-383,263,-319,2025-01-29 10:42:21,1
